Unnamed: 0,Date,District,Latitude,Longitude,Precip,Pressure,Humidity_2m,RH_2m,Temp_2m,WetBulbTemp_2m,MaxTemp_2m,MinTemp_2m,TempRange_2m,EarthSkinTemp,WindSpeed_10m,MaxWindSpeed_10m,MinWindSpeed_10m,WindSpeedRange_10m,WindSpeed_50m,MaxWindSpeed_50m,MinWindSpeed_50m,WindSpeedRange_50m,Year,Month,Wind_Avg,Is_Monsoon,Temp_Diff,WindSpeed_Total,YearMonth
0,1981-01-01,Arghakhanchi,27.9,83.2,0.0,93.51,4.81,45.41,13.89,2.15,20.82,9.94,10.89,11.32,1.89,3.83,0.69,3.14,2.41,4.12,0.73,3.39,1981,1,2.15,0,10.88,13.670000000000002,1981-01-01
1,1981-01-02,Arghakhanchi,27.9,83.2,0.0,93.59,4.94,46.78,13.84,2.54,20.7,9.54,11.17,11.44,1.72,2.6,1.09,1.5,2.25,3.3,0.96,2.34,1981,1,1.985,0,11.16,11.920000000000002,1981-01-01
2,1981-01-03,Arghakhanchi,27.9,83.2,0.03,93.55,5.22,47.91,14.33,3.32,20.71,10.78,9.93,12.24,1.8,2.8,0.48,2.32,2.32,3.54,0.39,3.15,1981,1,2.06,0,9.93,11.330000000000002,1981-01-01
3,1981-01-04,Arghakhanchi,27.9,83.2,0.02,93.49,5.36,50.83,13.82,3.73,20.43,10.02,10.41,12.17,2.18,3.54,1.06,2.49,2.9,4.05,0.93,3.12,1981,1,2.54,0,10.41,14.66,1981-01-01
4,1981-01-05,Arghakhanchi,27.9,83.2,1.84,93.49,5.84,55.55,13.76,4.93,19.62,9.08,10.53,12.32,1.96,2.7,0.69,2.02,2.74,4.64,0.96,3.68,1981,1,2.35,0,10.54,13.69,1981-01-01
5,1981-01-06,Arghakhanchi,27.9,83.2,2.41,93.39,6.02,59.18,13.24,5.23,19.02,9.49,9.53,11.81,1.91,3.62,0.74,2.89,2.56,3.98,0.76,3.22,1981,1,2.235,0,9.53,13.57,1981-01-01
6,1981-01-07,Arghakhanchi,27.9,83.2,2.2,93.44,6.12,65.22,12.02,5.58,16.29,8.56,7.74,11.24,1.3,1.75,0.76,0.99,1.74,2.6,0.93,1.66,1981,1,1.52,0,7.729999999999999,9.08,1981-01-01
7,1981-01-08,Arghakhanchi,27.9,83.2,1.09,93.58,5.12,57.6,11.21,3.02,17.34,7.65,9.69,9.74,1.92,3.37,0.98,2.39,2.56,3.55,1.5,2.05,1981,1,2.24,0,9.69,13.88,1981-01-01
8,1981-01-09,Arghakhanchi,27.9,83.2,0.04,93.89,4.75,53.49,11.26,2.04,17.29,7.73,9.56,9.4,1.63,2.85,0.53,2.32,2.0,2.69,0.61,2.08,1981,1,1.815,0,9.56,10.31,1981-01-01
9,1981-01-10,Arghakhanchi,27.9,83.2,0.0,94.05,4.68,51.0,11.77,1.84,18.16,7.32,10.84,9.68,1.62,2.77,0.91,1.86,2.02,2.74,1.27,1.47,1981,1,1.82,0,10.84,11.33,1981-01-01
10,1981-01-11,Arghakhanchi,27.9,83.2,0.0,94.12,4.55,51.86,11.12,1.45,16.82,7.26,9.56,8.33,1.94,3.49,0.4,3.09,2.62,4.32,0.59,3.72,1981,1,2.28,0,9.56,13.36,1981-01-01
11,1981-01-12,Arghakhanchi,27.9,83.2,3.12,94.24,5.22,61.7,10.58,3.13,15.05,7.37,7.69,9.01,1.62,2.91,0.21,2.7,2.13,3.79,0.26,3.53,1981,1,1.875,0,7.680000000000001,10.92,1981-01-01
12,1981-01-13,Arghakhanchi,27.9,83.2,9.05,94.11,5.63,66.74,10.51,4.48,16.82,6.31,10.51,9.34,2.05,2.73,0.84,1.89,3.08,5.01,1.19,3.82,1981,1,2.565,0,10.510000000000002,14.9,1981-01-01
13,1981-01-14,Arghakhanchi,27.9,83.2,0.1,93.96,4.67,48.92,12.38,1.77,20.07,8.26,11.81,10.11,2.27,4.15,0.33,3.82,3.14,4.63,0.58,4.04,1981,1,2.705,0,11.81,15.1,1981-01-01
14,1981-01-15,Arghakhanchi,27.9,83.2,0.0,94.1,3.87,39.15,12.93,-0.71,20.12,9.13,10.99,9.95,1.76,3.01,0.75,2.25,2.27,3.35,1.17,2.18,1981,1,2.015,0,10.99,12.31,1981-01-01
15,1981-01-16,Arghakhanchi,27.9,83.2,0.0,94.17,3.98,37.51,14.03,-0.33,21.05,9.75,11.3,10.6,1.7,2.92,0.77,2.15,2.06,2.71,0.81,1.9,1981,1,1.88,0,11.3,10.97,1981-01-01
16,1981-01-17,Arghakhanchi,27.9,83.2,4.38,94.11,4.39,38.39,15.17,0.96,22.56,11.62,10.95,11.64,1.84,2.8,1.11,1.69,2.36,3.38,1.46,1.93,1981,1,2.1,0,10.94,12.95,1981-01-01
17,1981-01-18,Arghakhanchi,27.9,83.2,0.24,93.8,4.78,44.03,14.31,2.07,19.44,11.2,8.24,11.91,1.53,2.52,0.64,1.88,2.11,3.58,0.76,2.82,1981,1,1.82,0,8.240000000000002,11.14,1981-01-01
18,1981-01-19,Arghakhanchi,27.9,83.2,0.0,93.65,4.95,47.88,13.55,2.67,19.47,9.56,9.91,12.04,1.88,3.3,0.76,2.54,2.35,3.57,1.01,2.56,1981,1,2.115,0,9.909999999999998,12.87,1981-01-01
19,1981-01-20,Arghakhanchi,27.9,83.2,0.0,93.77,5.1,48.79,13.72,3.05,21.1,9.11,11.99,11.96,2.25,4.52,0.22,4.31,3.04,5.03,0.68,4.35,1981,1,2.645,0,11.990000000000002,15.739999999999998,1981-01-01
20,1981-01-21,Arghakhanchi,27.9,83.2,0.0,93.74,5.27,49.2,14.08,3.48,19.79,10.48,9.31,12.16,1.62,2.65,0.19,2.46,2.06,3.15,0.07,3.08,1981,1,1.84,0,9.31,9.74,1981-01-01
21,1981-01-22,Arghakhanchi,27.9,83.2,0.0,93.54,5.53,50.8,14.29,4.19,20.28,10.72,9.55,13.13,2.1,3.54,0.83,2.71,2.78,3.83,0.87,2.96,1981,1,2.44,0,9.56,13.95,1981-01-01
22,1981-01-23,Arghakhanchi,27.9,83.2,0.1,93.51,5.47,51.89,13.79,4.0,20.07,10.15,9.92,12.48,2.01,3.18,0.9,2.28,2.98,5.84,1.11,4.72,1981,1,2.495,0,9.92,16.02,1981-01-01
23,1981-01-24,Arghakhanchi,27.9,83.2,19.04,93.69,6.54,75.66,10.8,6.47,13.15,9.16,3.99,10.4,4.39,7.18,2.29,4.89,6.21,8.61,4.06,4.55,1981,1,5.3,0,3.99,32.74,1981-01-01
24,1981-01-25,Arghakhanchi,27.9,83.2,23.47,93.92,6.86,74.29,11.84,7.04,17.54,7.88,9.66,10.88,2.52,3.69,1.34,2.35,3.68,6.14,2.31,3.83,1981,1,3.1,0,9.66,19.68,1981-01-01
25,1981-01-26,Arghakhanchi,27.9,83.2,0.01,94.14,4.86,50.68,12.48,2.05,19.51,7.34,12.17,10.73,2.12,2.49,1.59,0.9,2.93,3.91,1.97,1.94,1981,1,2.5250000000000004,0,12.170000000000002,15.010000000000002,1981-01-01
26,1981-01-27,Arghakhanchi,27.9,83.2,0.0,94.01,4.73,47.65,12.98,1.84,20.12,8.56,11.57,10.79,2.46,5.27,0.68,4.59,3.34,6.02,1.03,4.99,1981,1,2.9,0,11.56,18.8,1981-01-01
27,1981-01-28,Arghakhanchi,27.9,83.2,0.0,93.94,5.28,51.19,13.53,3.32,20.47,8.66,11.81,11.51,2.17,4.75,0.88,3.86,2.88,5.53,0.87,4.66,1981,1,2.525,0,11.81,17.080000000000002,1981-01-01
28,1981-01-29,Arghakhanchi,27.9,83.2,0.0,93.57,6.26,57.05,14.43,5.88,21.14,10.47,10.67,12.71,2.16,4.71,0.55,4.16,2.8,5.37,0.58,4.79,1981,1,2.48,0,10.67,16.169999999999998,1981-01-01
29,1981-01-30,Arghakhanchi,27.9,83.2,0.0,93.47,6.69,61.26,14.33,6.86,18.98,11.04,7.95,12.88,1.61,2.68,0.67,2.01,2.15,3.12,0.74,2.38,1981,1,1.88,0,7.940000000000001,10.97,1981-01-01
30,1981-01-31,Arghakhanchi,27.9,83.2,0.14,93.62,6.16,58.31,13.85,5.58,20.23,9.17,11.06,12.93,2.3,2.82,1.11,1.71,3.14,4.7,1.68,3.02,1981,1,2.72,0,11.06,15.75,1981-01-01
31,1981-02-01,Arghakhanchi,27.9,83.2,0.54,93.77,6.0,57.6,13.67,5.29,19.64,9.34,10.3,12.98,1.84,2.55,1.08,1.47,2.6,4.19,1.61,2.58,1981,2,2.22,0,10.3,13.87,1981-02-01
32,1981-02-02,Arghakhanchi,27.9,83.2,0.37,93.81,4.93,50.55,12.66,2.39,19.69,7.89,11.8,11.41,2.45,4.35,1.32,3.03,3.44,4.69,1.5,3.19,1981,2,2.9450000000000003,0,11.8,17.75,1981-02-01
33,1981-02-03,Arghakhanchi,27.9,83.2,0.01,93.86,4.86,48.91,12.96,2.26,20.03,8.74,11.29,11.32,2.12,4.02,0.65,3.36,2.8,4.24,0.78,3.46,1981,2,2.46,0,11.29,14.61,1981-02-01
34,1981-02-04,Arghakhanchi,27.9,83.2,0.0,93.74,5.43,49.36,14.5,3.9,22.24,8.99,13.25,12.67,2.29,4.85,0.65,4.2,2.88,5.37,0.71,4.66,1981,2,2.585,0,13.249999999999998,16.75,1981-02-01
35,1981-02-05,Arghakhanchi,27.9,83.2,0.0,93.79,5.95,46.59,16.82,5.11,24.95,11.27,13.68,14.72,2.57,5.47,0.7,4.77,3.41,6.45,1.02,5.43,1981,2,2.99,0,13.68,19.619999999999997,1981-02-01
36,1981-02-06,Arghakhanchi,27.9,83.2,1.28,93.91,6.52,47.72,17.92,6.52,25.48,12.53,12.95,16.49,3.1,6.05,0.82,5.23,4.44,7.27,1.15,6.12,1981,2,3.770000000000001,0,12.95,22.83,1981-02-01
37,1981-02-07,Arghakhanchi,27.9,83.2,0.07,93.66,5.84,47.91,16.09,4.73,23.75,11.48,12.26,14.93,2.83,4.77,1.31,3.45,4.07,5.74,1.68,4.06,1981,2,3.45,0,12.27,20.4,1981-02-01
38,1981-02-08,Arghakhanchi,27.9,83.2,0.0,93.5,5.42,46.58,15.32,3.67,22.05,10.76,11.29,13.91,2.12,3.84,0.62,3.21,2.66,3.91,0.51,3.4,1981,2,2.39,0,11.29,13.66,1981-02-01
39,1981-02-09,Arghakhanchi,27.9,83.2,0.02,93.57,5.02,45.73,14.45,2.83,20.76,9.96,10.81,12.82,2.57,4.5,0.61,3.89,3.23,4.92,0.89,4.03,1981,2,2.9,0,10.8,16.72,1981-02-01
40,1981-02-10,Arghakhanchi,27.9,83.2,0.0,93.53,4.53,42.47,13.98,1.3,21.34,8.93,12.41,12.77,2.4,4.43,1.05,3.38,3.15,5.28,1.28,4.0,1981,2,2.775,0,12.41,17.59,1981-02-01
41,1981-02-11,Arghakhanchi,27.9,83.2,0.0,93.31,4.62,44.48,13.56,1.5,20.73,8.98,11.74,12.11,2.4,4.59,0.7,3.89,3.12,5.17,0.79,4.37,1981,2,2.76,0,11.75,16.77,1981-02-01
42,1981-02-12,Arghakhanchi,27.9,83.2,0.0,93.31,4.87,43.6,14.66,2.34,21.48,9.35,12.13,12.93,1.88,3.65,0.25,3.4,2.31,3.5,0.32,3.18,1981,2,2.095,0,12.13,11.91,1981-02-01
43,1981-02-13,Arghakhanchi,27.9,83.2,0.0,93.39,5.27,45.85,15.11,3.42,22.75,9.3,13.45,13.62,2.02,4.05,0.68,3.36,2.6,4.33,0.94,3.39,1981,2,2.31,0,13.45,14.62,1981-02-01
44,1981-02-14,Arghakhanchi,27.9,83.2,0.0,93.4,5.22,42.73,16.08,3.24,23.87,9.89,13.97,14.4,2.47,4.5,1.3,3.2,3.3,5.18,1.17,4.0,1981,2,2.885,0,13.98,17.92,1981-02-01
45,1981-02-15,Arghakhanchi,27.9,83.2,0.0,93.3,5.0,37.85,17.31,2.52,26.12,11.43,14.69,15.47,3.2,6.72,0.48,6.25,4.58,7.97,0.9,7.06,1981,2,3.89,0,14.69,23.85,1981-02-01
46,1981-02-16,Arghakhanchi,27.9,83.2,0.0,93.43,4.64,34.27,17.7,1.56,26.58,12.09,14.49,15.95,3.76,7.46,1.68,5.78,5.51,8.89,2.39,6.5,1981,2,4.635,0,14.489999999999998,29.69,1981-02-01
47,1981-02-17,Arghakhanchi,27.9,83.2,0.0,93.44,4.47,34.4,17.06,1.04,25.04,12.34,12.7,15.03,2.88,4.72,1.25,3.48,4.17,5.76,1.67,4.09,1981,2,3.525,0,12.7,20.450000000000003,1981-02-01
48,1981-02-18,Arghakhanchi,27.9,83.2,0.0,93.32,4.51,35.3,16.78,1.08,24.61,11.64,12.98,14.77,2.26,4.36,0.43,3.93,2.89,4.82,0.17,4.66,1981,2,2.575,0,12.97,14.93,1981-02-01
49,1981-02-19,Arghakhanchi,27.9,83.2,0.0,93.5,4.72,35.76,17.33,1.87,25.68,11.39,14.29,15.74,2.48,4.15,1.52,2.64,3.35,5.17,1.22,3.95,1981,2,2.915,0,14.29,17.89,1981-02-01
50,1981-02-20,Arghakhanchi,27.9,83.2,0.0,93.48,4.84,34.93,18.08,2.2,26.32,12.4,13.92,15.94,2.27,4.63,1.1,3.54,2.88,5.13,0.67,4.46,1981,2,2.575,0,13.92,16.68,1981-02-01
51,1981-02-21,Arghakhanchi,27.9,83.2,0.0,93.41,4.53,32.76,18.04,1.2,26.37,13.15,13.22,15.87,2.46,4.56,0.48,4.08,3.16,5.0,0.55,4.44,1981,2,2.81,0,13.22,16.21,1981-02-01
52,1981-02-22,Arghakhanchi,27.9,83.2,0.0,93.38,4.6,33.27,18.03,1.47,26.52,12.05,14.47,16.16,2.41,4.71,0.59,4.12,3.1,5.14,0.39,4.75,1981,2,2.755,0,14.47,16.34,1981-02-01
53,1981-02-23,Arghakhanchi,27.9,83.2,0.0,93.54,4.88,34.0,18.67,2.37,26.45,11.91,14.54,16.82,2.39,4.12,1.23,2.89,3.01,4.08,1.05,3.03,1981,2,2.7,0,14.54,15.88,1981-02-01
54,1981-02-24,Arghakhanchi,27.9,83.2,0.0,93.51,5.22,33.74,19.85,3.31,28.86,13.46,15.4,18.06,3.39,7.82,1.2,6.62,4.66,9.27,1.34,7.93,1981,2,4.025,0,15.4,27.68,1981-02-01
55,1981-02-25,Arghakhanchi,27.9,83.2,0.0,93.48,5.29,33.08,20.38,3.5,29.27,14.5,14.76,18.98,3.62,7.55,1.38,6.18,5.18,8.92,1.61,7.31,1981,2,4.4,0,14.77,28.26,1981-02-01
56,1981-02-26,Arghakhanchi,27.9,83.2,0.0,93.34,4.89,30.57,20.37,2.39,28.73,15.04,13.69,19.21,3.09,5.78,0.95,4.83,4.48,6.81,1.14,5.68,1981,2,3.785,0,13.69,22.25,1981-02-01
57,1981-02-27,Arghakhanchi,27.9,83.2,0.0,93.36,5.29,34.32,19.76,3.47,27.24,14.49,12.75,19.15,2.73,5.24,0.81,4.43,4.11,6.29,0.94,5.35,1981,2,3.42,0,12.749999999999998,20.12,1981-02-01
58,1981-02-28,Arghakhanchi,27.9,83.2,1.08,93.41,6.17,40.42,19.6,5.69,26.97,13.98,12.99,18.67,2.3,3.3,1.62,1.68,3.21,3.89,2.09,1.8,1981,2,2.755,0,12.989999999999998,16.41,1981-02-01
59,1981-03-01,Arghakhanchi,27.9,83.2,0.56,93.47,5.77,38.61,19.3,4.67,27.78,13.61,14.17,18.73,3.49,6.76,1.58,5.18,5.06,7.94,1.9,6.04,1981,3,4.275,0,14.170000000000002,26.73,1981-03-01
60,1981-03-02,Arghakhanchi,27.9,83.2,0.01,93.38,4.79,35.32,17.72,2.02,25.52,12.01,13.51,17.15,4.1,7.42,2.03,5.38,5.87,8.64,3.69,4.95,1981,3,4.984999999999999,0,13.51,31.75,1981-03-01
61,1981-03-03,Arghakhanchi,27.9,83.2,0.0,93.62,4.33,31.28,18.08,0.62,26.87,10.19,16.68,16.93,2.37,4.12,1.5,2.62,2.97,4.08,2.14,1.94,1981,3,2.67,0,16.68,17.18,1981-03-01
62,1981-03-04,Arghakhanchi,27.9,83.2,0.0,93.86,4.39,29.38,19.37,0.96,27.28,12.59,14.69,17.9,2.26,3.14,0.79,2.35,2.9,4.06,1.07,3.0,1981,3,2.58,0,14.69,14.22,1981-03-01
63,1981-03-05,Arghakhanchi,27.9,83.2,0.0,93.85,4.74,30.21,20.13,2.02,27.53,14.2,13.33,18.73,2.2,3.12,0.86,2.26,2.79,3.62,1.16,2.46,1981,3,2.495,0,13.330000000000002,13.75,1981-03-01
64,1981-03-06,Arghakhanchi,27.9,83.2,0.0,93.82,5.88,35.65,20.95,4.99,28.52,15.14,13.39,20.11,2.2,3.73,1.32,2.41,2.78,3.88,1.23,2.65,1981,3,2.49,0,13.38,15.14,1981-03-01
65,1981-03-07,Arghakhanchi,27.9,83.2,0.0,93.75,6.59,35.89,22.67,6.71,30.83,17.24,13.59,22.31,3.54,7.41,1.19,6.23,5.04,8.79,1.39,7.4,1981,3,4.29,0,13.59,27.36,1981-03-01
66,1981-03-08,Arghakhanchi,27.9,83.2,0.0,93.43,5.26,31.32,21.15,3.31,29.04,15.14,13.9,21.01,3.64,6.14,2.28,3.85,5.48,7.07,2.89,4.18,1981,3,4.5600000000000005,0,13.9,27.5,1981-03-01
67,1981-03-09,Arghakhanchi,27.9,83.2,0.02,93.46,4.55,27.64,20.87,1.28,28.78,14.21,14.57,20.57,2.52,4.39,0.41,3.98,3.54,5.41,0.38,5.03,1981,3,3.03,0,14.57,16.65,1981-03-01
68,1981-03-10,Arghakhanchi,27.9,83.2,1.72,93.53,4.74,30.42,19.96,1.93,27.97,12.67,15.3,19.65,2.39,3.27,0.55,2.72,3.15,5.37,0.66,4.71,1981,3,2.77,0,15.3,15.39,1981-03-01
69,1981-03-11,Arghakhanchi,27.9,83.2,0.3,93.51,4.97,31.41,20.21,2.57,27.84,14.19,13.65,20.36,2.81,3.78,1.81,1.97,4.07,5.88,2.19,3.68,1981,3,3.4400000000000004,0,13.65,20.540000000000003,1981-03-01
70,1981-03-12,Arghakhanchi,27.9,83.2,0.73,93.7,5.55,37.92,18.98,4.23,24.05,14.11,9.94,18.61,1.91,2.79,0.46,2.33,2.63,4.52,0.62,3.9,1981,3,2.27,0,9.94,12.929999999999998,1981-03-01
71,1981-03-13,Arghakhanchi,27.9,83.2,0.0,93.74,6.18,41.22,19.39,5.75,26.49,13.52,12.97,19.44,2.81,4.96,0.47,4.49,3.65,5.42,0.72,4.71,1981,3,3.23,0,12.97,18.03,1981-03-01
72,1981-03-14,Arghakhanchi,27.9,83.2,0.03,93.78,6.17,39.23,20.16,5.71,27.47,14.97,12.51,19.56,2.47,4.75,0.16,4.59,3.19,5.43,0.05,5.38,1981,3,2.83,0,12.499999999999998,16.05,1981-03-01
73,1981-03-15,Arghakhanchi,27.9,83.2,1.01,93.83,6.53,40.2,20.68,6.52,26.47,16.93,9.54,20.18,2.1,3.66,0.82,2.84,2.98,4.49,1.28,3.2,1981,3,2.54,0,9.54,15.33,1981-03-01
74,1981-03-16,Arghakhanchi,27.9,83.2,5.99,93.59,7.93,52.82,19.36,9.37,25.74,15.08,10.66,19.97,2.91,5.52,1.09,4.43,4.18,6.55,1.42,5.14,1981,3,3.545,0,10.659999999999998,21.67,1981-03-01
75,1981-03-17,Arghakhanchi,27.9,83.2,0.85,93.14,7.31,48.81,19.24,8.11,26.81,13.04,13.77,19.48,3.65,6.88,2.02,4.87,5.03,7.65,2.98,4.67,1981,3,4.34,0,13.77,28.209999999999997,1981-03-01
76,1981-03-18,Arghakhanchi,27.9,83.2,0.04,93.1,6.39,36.73,21.68,6.18,30.28,15.06,15.22,21.27,3.0,6.52,0.84,5.68,4.09,7.2,1.32,5.89,1981,3,3.545,0,15.22,22.97,1981-03-01
77,1981-03-19,Arghakhanchi,27.9,83.2,0.22,93.27,6.45,35.31,22.5,6.3,30.4,17.0,13.4,22.03,2.38,4.45,0.64,3.8,3.23,5.27,0.75,4.53,1981,3,2.8049999999999997,0,13.4,16.72,1981-03-01
78,1981-03-20,Arghakhanchi,27.9,83.2,0.15,93.31,7.01,38.28,22.55,7.51,29.77,17.7,12.07,22.71,2.21,4.34,0.84,3.5,3.01,5.13,1.06,4.07,1981,3,2.61,0,12.07,16.589999999999996,1981-03-01
79,1981-03-21,Arghakhanchi,27.9,83.2,1.53,93.28,7.92,44.21,22.18,9.34,28.4,17.18,11.22,22.43,2.6,5.11,0.59,4.53,3.36,5.62,0.68,4.94,1981,3,2.98,0,11.22,17.96,1981-03-01
80,1981-03-22,Arghakhanchi,27.9,83.2,0.03,93.01,6.0,35.28,21.3,4.99,29.51,14.87,14.64,21.53,4.08,6.88,2.48,4.4,5.96,8.05,3.58,4.48,1981,3,5.02,0,14.640000000000002,31.03,1981-03-01
81,1981-03-23,Arghakhanchi,27.9,83.2,0.0,92.81,4.89,28.68,21.3,2.3,29.63,15.01,14.62,21.11,3.01,5.34,1.15,4.19,4.29,6.05,1.46,4.58,1981,3,3.65,0,14.62,21.3,1981-03-01
82,1981-03-24,Arghakhanchi,27.9,83.2,0.0,93.08,4.84,27.93,21.63,2.22,29.03,15.4,13.62,21.17,2.22,3.42,0.47,2.94,2.76,4.36,0.64,3.72,1981,3,2.49,0,13.63,13.87,1981-03-01
83,1981-03-25,Arghakhanchi,27.9,83.2,0.07,93.25,5.13,30.17,21.34,3.04,29.48,13.65,15.83,21.65,2.97,3.94,0.86,3.09,4.1,5.73,1.22,4.5,1981,3,3.535,0,15.83,18.82,1981-03-01
84,1981-03-26,Arghakhanchi,27.9,83.2,0.32,93.15,6.45,38.6,21.03,6.19,27.75,15.18,12.57,21.33,2.61,4.07,0.21,3.86,3.44,5.78,0.31,5.48,1981,3,3.025,0,12.57,16.419999999999998,1981-03-01
85,1981-03-27,Arghakhanchi,27.9,83.2,0.0,92.96,5.85,33.72,21.61,4.78,29.18,13.89,15.3,21.41,2.31,4.21,0.5,3.7,2.82,4.12,0.65,3.47,1981,3,2.565,0,15.29,14.61,1981-03-01
86,1981-03-28,Arghakhanchi,27.9,83.2,0.0,93.13,5.46,29.63,22.62,3.91,30.46,15.52,14.94,22.36,2.73,3.77,0.94,2.83,3.55,5.36,1.3,4.06,1981,3,3.1399999999999997,0,14.94,17.65,1981-03-01
87,1981-03-29,Arghakhanchi,27.9,83.2,0.0,93.35,5.9,32.25,22.57,5.1,30.36,15.83,14.53,22.88,2.54,3.51,1.32,2.19,3.3,4.59,1.98,2.6,1981,3,2.92,0,14.53,17.24,1981-03-01
88,1981-03-30,Arghakhanchi,27.9,83.2,3.51,93.27,7.06,37.15,23.16,7.55,30.74,16.34,14.39,23.49,2.38,3.34,1.17,2.17,3.24,5.52,1.87,3.66,1981,3,2.81,0,14.4,17.52,1981-03-01
89,1981-03-31,Arghakhanchi,27.9,83.2,8.94,93.01,8.16,45.85,22.01,9.72,27.65,17.19,10.47,21.93,2.14,3.91,0.22,3.69,3.06,5.76,0.34,5.42,1981,3,2.6,0,10.459999999999996,15.43,1981-03-01
90,1981-04-01,Arghakhanchi,27.9,83.2,7.01,92.88,7.3,41.77,21.7,7.94,29.48,15.79,13.69,21.6,3.31,6.38,1.08,5.3,4.47,7.32,1.4,5.92,1981,4,3.89,0,13.69,23.959999999999997,1981-04-01
91,1981-04-02,Arghakhanchi,27.9,83.2,0.31,93.09,5.57,29.48,23.04,4.17,31.37,16.16,15.21,22.54,2.76,5.06,1.19,3.87,3.46,5.38,1.01,4.36,1981,4,3.11,0,15.21,18.86,1981-04-01
92,1981-04-03,Arghakhanchi,27.9,83.2,0.0,93.03,5.46,27.81,23.68,3.83,32.5,16.04,16.46,23.45,3.15,5.6,1.08,4.52,4.23,6.51,0.97,5.54,1981,4,3.69,0,16.46,21.54,1981-04-01
93,1981-04-04,Arghakhanchi,27.9,83.2,0.04,92.85,6.08,29.05,24.7,5.42,33.52,17.51,16.01,24.72,3.7,6.6,0.77,5.83,5.21,7.52,0.67,6.85,1981,4,4.455,0,16.01,24.47,1981-04-01
94,1981-04-05,Arghakhanchi,27.9,83.2,0.1,92.74,4.77,24.27,23.63,1.76,32.4,17.04,15.36,23.52,3.87,6.74,1.2,5.54,5.41,7.57,1.58,5.99,1981,4,4.640000000000001,0,15.36,26.369999999999997,1981-04-01
95,1981-04-06,Arghakhanchi,27.9,83.2,0.0,92.9,4.17,22.52,22.71,0.19,31.51,15.84,15.67,22.75,3.36,5.64,1.61,4.03,4.86,6.3,2.06,4.24,1981,4,4.11,0,15.670000000000002,23.83,1981-04-01
96,1981-04-07,Arghakhanchi,27.9,83.2,0.0,92.92,4.26,21.06,24.14,0.4,32.56,16.94,15.62,23.31,2.26,3.81,0.57,3.24,2.72,4.64,0.59,4.05,1981,4,2.49,0,15.62,14.59,1981-04-01
97,1981-04-08,Arghakhanchi,27.9,83.2,0.0,93.04,4.58,22.09,24.58,1.39,33.05,16.46,16.59,23.9,2.75,4.36,0.99,3.37,3.44,4.91,1.4,3.51,1981,4,3.095,0,16.589999999999996,17.849999999999998,1981-04-01
98,1981-04-09,Arghakhanchi,27.9,83.2,0.0,92.88,4.99,22.92,25.37,2.64,34.16,17.52,16.64,25.02,3.07,5.48,1.78,3.71,4.03,6.33,1.44,4.89,1981,4,3.55,0,16.639999999999997,22.13,1981-04-01
99,1981-04-10,Arghakhanchi,27.9,83.2,0.0,92.75,5.06,21.77,26.46,2.8,35.55,18.2,17.35,25.91,2.99,5.6,0.81,4.79,3.71,6.28,1.1,5.18,1981,4,3.35,0,17.349999999999998,20.49,1981-04-01
100,1981-04-11,Arghakhanchi,27.9,83.2,0.39,92.87,5.38,23.53,26.2,3.66,34.16,19.12,15.04,26.33,3.09,4.41,1.33,3.08,4.09,5.42,2.06,3.36,1981,4,3.59,0,15.039999999999996,20.4,1981-04-01
101,1981-04-12,Arghakhanchi,27.9,83.2,0.8,93.01,6.38,28.18,26.03,6.1,34.24,18.99,15.25,26.56,3.31,5.22,2.01,3.21,4.6,5.99,2.86,3.13,1981,4,3.955,0,15.250000000000004,23.99,1981-04-01
102,1981-04-13,Arghakhanchi,27.9,83.2,0.03,93.21,8.44,39.12,25.24,10.21,32.2,19.53,12.67,26.39,3.02,4.85,1.65,3.2,3.99,5.45,2.54,2.91,1981,4,3.505,0,12.670000000000002,21.5,1981-04-01
103,1981-04-14,Arghakhanchi,27.9,83.2,0.41,93.14,8.28,37.83,25.49,10.0,33.31,18.61,14.7,26.91,2.68,4.08,1.73,2.34,3.58,4.58,2.87,1.71,1981,4,3.13,0,14.700000000000005,19.52,1981-04-01
104,1981-04-15,Arghakhanchi,27.9,83.2,0.99,93.12,8.39,36.41,26.35,10.19,33.49,19.95,13.54,27.6,2.94,4.49,1.58,2.91,4.07,5.21,2.32,2.89,1981,4,3.505,0,13.540000000000004,20.61,1981-04-01
105,1981-04-16,Arghakhanchi,27.9,83.2,3.27,92.89,9.69,39.75,27.25,12.25,34.91,21.16,13.74,28.28,3.33,5.32,2.29,3.03,4.53,6.17,2.32,3.86,1981,4,3.93,0,13.749999999999996,23.96,1981-04-01
106,1981-04-17,Arghakhanchi,27.9,83.2,15.16,92.62,9.58,42.09,26.03,11.84,32.96,19.76,13.2,26.4,2.55,4.37,1.12,3.25,3.32,4.38,1.01,3.37,1981,4,2.9349999999999996,0,13.2,16.75,1981-04-01
107,1981-04-18,Arghakhanchi,27.9,83.2,16.34,92.8,10.0,47.81,24.64,12.59,30.48,17.92,12.55,24.52,2.36,3.16,0.84,2.33,3.32,5.35,1.13,4.22,1981,4,2.84,0,12.56,16.16,1981-04-01
108,1981-04-19,Arghakhanchi,27.9,83.2,0.3,93.14,7.54,35.27,25.09,8.4,32.27,18.1,14.17,25.51,2.57,4.1,0.7,3.4,3.29,5.68,0.94,4.74,1981,4,2.9299999999999997,0,14.170000000000002,17.28,1981-04-01
109,1981-04-20,Arghakhanchi,27.9,83.2,0.06,93.3,8.87,44.07,24.09,10.8,31.55,16.98,14.57,25.01,2.8,3.98,0.57,3.41,3.53,5.41,0.83,4.58,1981,4,3.165,0,14.57,17.119999999999997,1981-04-01
110,1981-04-21,Arghakhanchi,27.9,83.2,0.0,93.14,7.58,35.16,25.23,8.61,33.03,18.67,14.36,25.95,2.56,3.71,1.62,2.09,3.31,4.72,2.22,2.5,1981,4,2.935,0,14.36,18.139999999999997,1981-04-01
111,1981-04-22,Arghakhanchi,27.9,83.2,0.03,93.06,7.59,33.08,26.27,8.61,32.62,19.22,13.4,26.14,2.28,3.63,0.26,3.37,2.87,4.06,0.37,3.69,1981,4,2.575,0,13.4,13.469999999999995,1981-04-01
112,1981-04-23,Arghakhanchi,27.9,83.2,0.5,93.16,6.97,29.79,26.63,7.35,34.63,18.7,15.93,26.76,2.82,5.31,1.08,4.23,3.61,5.88,1.01,4.87,1981,4,3.215,0,15.930000000000003,19.71,1981-04-01
113,1981-04-24,Arghakhanchi,27.9,83.2,0.01,93.3,5.21,22.08,26.82,3.08,35.71,18.81,16.9,26.51,3.42,6.32,0.51,5.81,4.56,7.05,0.86,6.2,1981,4,3.99,0,16.900000000000002,22.72,1981-04-01
114,1981-04-25,Arghakhanchi,27.9,83.2,0.0,93.29,4.51,18.6,27.27,1.19,35.5,18.83,16.67,26.46,2.62,4.3,0.04,4.26,3.34,4.62,0.06,4.56,1981,4,2.98,0,16.67,14.980000000000002,1981-04-01
115,1981-04-26,Arghakhanchi,27.9,83.2,0.14,93.27,4.89,20.92,26.66,2.33,34.38,20.02,14.36,26.55,2.67,3.81,1.17,2.64,3.44,4.88,1.68,3.21,1981,4,3.0549999999999997,0,14.360000000000005,17.65,1981-04-01
116,1981-04-27,Arghakhanchi,27.9,83.2,0.1,93.27,5.27,22.62,26.59,3.41,34.35,18.87,15.48,26.62,2.18,3.07,0.61,2.46,2.71,4.21,0.93,3.28,1981,4,2.4450000000000003,0,15.48,13.71,1981-04-01
117,1981-04-28,Arghakhanchi,27.9,83.2,0.06,93.16,5.57,22.54,27.57,4.16,35.4,19.55,15.85,27.75,2.31,3.34,0.75,2.59,2.87,4.59,1.09,3.5,1981,4,2.59,0,15.849999999999998,14.95,1981-04-01
118,1981-04-29,Arghakhanchi,27.9,83.2,0.06,93.01,6.21,24.4,28.05,5.67,36.99,20.85,16.14,28.46,3.61,7.55,0.56,6.98,4.95,9.06,0.45,8.62,1981,4,4.28,0,16.14,26.180000000000003,1981-04-01
119,1981-04-30,Arghakhanchi,27.9,83.2,0.05,93.13,6.93,28.22,27.44,7.35,34.2,20.31,13.89,27.34,2.37,3.23,0.5,2.73,3.01,4.37,0.71,3.66,1981,4,2.69,0,13.890000000000004,14.19,1981-04-01
120,1981-05-01,Arghakhanchi,27.9,83.2,0.02,93.12,6.52,25.23,28.32,6.41,36.85,20.47,16.38,28.77,3.7,6.34,1.46,4.88,4.99,7.09,1.62,5.47,1981,5,4.345000000000001,0,16.380000000000003,25.200000000000003,1981-05-01
121,1981-05-02,Arghakhanchi,27.9,83.2,0.01,93.01,7.35,26.11,29.77,8.12,37.35,22.1,15.25,30.72,2.11,3.21,0.24,2.97,2.84,4.43,0.37,4.06,1981,5,2.4749999999999996,0,15.25,13.2,1981-05-01
122,1981-05-03,Arghakhanchi,27.9,83.2,0.03,93.2,8.99,34.49,28.46,11.25,35.29,22.09,13.2,30.21,3.13,4.4,2.22,2.18,4.3,5.12,3.46,1.66,1981,5,3.715,0,13.2,22.630000000000003,1981-05-01
123,1981-05-04,Arghakhanchi,27.9,83.2,0.13,93.24,10.73,41.19,28.44,13.93,34.42,22.98,11.44,29.8,2.73,4.55,0.9,3.65,3.58,5.35,1.26,4.09,1981,5,3.155,0,11.44,18.37,1981-05-01
124,1981-05-05,Arghakhanchi,27.9,83.2,2.39,93.15,10.83,39.27,29.42,14.06,35.69,23.23,12.46,30.97,2.12,3.1,0.86,2.23,2.68,3.88,1.3,2.58,1981,5,2.4000000000000004,0,12.459999999999996,13.94,1981-05-01
125,1981-05-06,Arghakhanchi,27.9,83.2,4.63,93.16,12.16,49.82,27.3,15.81,31.97,24.01,7.96,27.93,2.74,3.57,1.73,1.84,3.86,4.41,3.15,1.25,1981,5,3.3,0,7.959999999999997,19.46,1981-05-01
126,1981-05-07,Arghakhanchi,27.9,83.2,0.59,93.14,11.46,49.32,26.46,14.87,30.39,22.76,7.63,27.12,1.71,2.79,0.86,1.93,2.41,3.8,0.83,2.97,1981,5,2.06,0,7.629999999999999,12.4,1981-05-01
127,1981-05-08,Arghakhanchi,27.9,83.2,0.29,93.12,10.89,48.34,25.94,14.08,30.83,20.83,10.0,27.4,2.4,3.88,0.78,3.11,3.05,4.68,1.16,3.52,1981,5,2.7249999999999996,0,10.0,15.95,1981-05-01
128,1981-05-09,Arghakhanchi,27.9,83.2,0.45,92.93,9.79,38.44,28.01,12.47,35.3,20.86,14.44,29.92,2.29,3.45,1.0,2.45,3.02,4.48,1.15,3.33,1981,5,2.655,0,14.439999999999998,15.39,1981-05-01
129,1981-05-10,Arghakhanchi,27.9,83.2,0.04,92.76,9.13,33.7,29.05,11.42,36.0,22.41,13.59,30.65,3.07,5.62,1.03,4.6,4.03,6.11,0.99,5.12,1981,5,3.55,0,13.59,20.85,1981-05-01
130,1981-05-11,Arghakhanchi,27.9,83.2,2.61,92.75,9.51,36.36,28.43,11.83,34.76,22.38,12.37,29.99,2.53,4.58,0.36,4.22,3.07,4.6,0.27,4.33,1981,5,2.8,0,12.38,15.409999999999998,1981-05-01
131,1981-05-12,Arghakhanchi,27.9,83.2,11.99,92.64,10.28,41.61,27.43,13.01,33.28,21.27,12.01,27.92,2.12,4.39,0.36,4.03,2.7,5.1,0.6,4.5,1981,5,2.41,0,12.010000000000002,15.27,1981-05-01
132,1981-05-13,Arghakhanchi,27.9,83.2,1.0,92.51,8.99,32.99,29.09,11.02,36.78,21.11,15.67,29.7,2.67,4.72,0.31,4.41,3.38,4.79,0.35,4.45,1981,5,3.025,0,15.670000000000002,16.22,1981-05-01
133,1981-05-14,Arghakhanchi,27.9,83.2,1.54,92.65,8.5,30.59,29.47,10.24,36.77,21.56,15.21,30.18,2.69,3.72,0.23,3.49,3.47,5.46,0.35,5.11,1981,5,3.08,0,15.210000000000004,15.92,1981-05-01
134,1981-05-15,Arghakhanchi,27.9,83.2,0.32,92.35,8.51,28.97,30.39,10.17,38.36,22.27,16.09,31.08,2.78,4.41,0.69,3.71,3.64,4.93,1.17,3.76,1981,5,3.21,0,16.09,17.619999999999997,1981-05-01
135,1981-05-16,Arghakhanchi,27.9,83.2,2.65,92.45,10.15,37.07,29.16,12.63,36.54,22.53,14.0,30.2,3.25,5.92,1.78,4.14,4.27,6.84,1.65,5.19,1981,5,3.76,0,14.009999999999998,23.709999999999997,1981-05-01
136,1981-05-17,Arghakhanchi,27.9,83.2,0.1,92.44,7.65,26.65,30.0,8.5,37.44,22.05,15.39,30.55,2.48,4.34,0.62,3.72,3.03,4.99,0.93,4.06,1981,5,2.755,0,15.389999999999995,16.39,1981-05-01
137,1981-05-18,Arghakhanchi,27.9,83.2,0.91,92.52,7.33,25.85,29.81,7.93,37.85,21.97,15.89,30.77,3.0,4.59,1.78,2.81,3.95,5.54,2.47,3.07,1981,5,3.475,0,15.880000000000004,21.33,1981-05-01
138,1981-05-19,Arghakhanchi,27.9,83.2,1.89,92.58,10.53,38.45,29.18,13.37,36.65,21.87,14.78,30.56,2.85,4.17,1.21,2.96,3.6,5.65,1.81,3.84,1981,5,3.225,0,14.779999999999998,19.29,1981-05-01
139,1981-05-20,Arghakhanchi,27.9,83.2,0.43,92.52,10.21,34.01,30.77,12.99,38.23,23.53,14.7,32.09,2.8,3.71,1.16,2.54,3.72,5.65,1.73,3.93,1981,5,3.26,0,14.699999999999996,18.77,1981-05-01
140,1981-05-21,Arghakhanchi,27.9,83.2,3.45,92.67,11.61,40.13,30.14,14.87,36.52,23.6,12.92,31.26,2.77,4.02,0.34,3.68,3.64,5.43,0.57,4.85,1981,5,3.205,0,12.920000000000002,16.77,1981-05-01
141,1981-05-22,Arghakhanchi,27.9,83.2,4.09,92.7,10.67,38.69,29.32,13.44,36.64,21.86,14.78,30.03,3.03,5.76,0.76,5.01,3.81,6.19,1.09,5.09,1981,5,3.42,0,14.78,20.64,1981-05-01
142,1981-05-23,Arghakhanchi,27.9,83.2,3.24,92.7,11.06,44.13,27.68,14.05,34.33,20.8,13.52,29.07,2.61,4.06,0.54,3.52,3.47,5.26,0.7,4.57,1981,5,3.04,0,13.529999999999998,16.64,1981-05-01
143,1981-05-24,Arghakhanchi,27.9,83.2,0.6,92.63,10.22,38.67,28.59,13.02,35.41,22.74,12.67,30.4,2.8,3.57,1.37,2.2,3.88,5.67,2.29,3.38,1981,5,3.34,0,12.669999999999998,19.58,1981-05-01
144,1981-05-25,Arghakhanchi,27.9,83.2,0.01,92.71,11.1,40.76,29.12,14.34,35.09,23.31,11.77,30.9,2.87,4.81,1.5,3.31,3.74,5.67,2.35,3.32,1981,5,3.305,0,11.780000000000005,20.94,1981-05-01
145,1981-05-26,Arghakhanchi,27.9,83.2,1.11,92.81,11.42,40.1,29.91,14.77,36.52,23.05,13.47,31.38,2.63,4.44,0.67,3.77,3.33,4.86,1.02,3.84,1981,5,2.98,0,13.470000000000002,16.95,1981-05-01
146,1981-05-27,Arghakhanchi,27.9,83.2,11.71,92.68,11.08,40.88,29.01,14.14,35.65,22.75,12.9,29.55,2.63,5.3,0.73,4.57,3.39,5.98,1.14,4.84,1981,5,3.01,0,12.9,19.17,1981-05-01
147,1981-05-28,Arghakhanchi,27.9,83.2,7.27,92.52,11.33,44.76,27.81,14.54,34.52,21.97,12.55,28.01,2.83,6.31,0.64,5.67,3.76,6.97,0.85,6.12,1981,5,3.295,0,12.550000000000004,21.360000000000003,1981-05-01
148,1981-05-29,Arghakhanchi,27.9,83.2,0.01,92.57,10.37,37.59,29.31,13.26,36.55,22.23,14.32,30.4,2.86,5.31,0.42,4.88,3.65,5.76,0.62,5.14,1981,5,3.255,0,14.319999999999997,18.62,1981-05-01
149,1981-05-30,Arghakhanchi,27.9,83.2,0.0,92.57,9.67,33.43,30.14,12.17,37.47,23.07,14.4,31.27,2.54,3.94,0.46,3.48,3.25,4.56,0.69,3.87,1981,5,2.895,0,14.4,15.44,1981-05-01
150,1981-05-31,Arghakhanchi,27.9,83.2,5.94,92.62,10.5,37.16,29.73,13.21,37.37,22.95,14.41,31.04,2.58,3.38,1.84,1.53,3.47,4.89,2.3,2.6,1981,5,3.0250000000000004,0,14.419999999999998,18.46,1981-05-01
151,1981-06-01,Arghakhanchi,27.9,83.2,1.42,92.66,11.89,44.34,28.82,15.3,35.54,22.25,13.28,30.31,2.67,4.08,0.9,3.18,3.46,4.99,1.48,3.51,1981,6,3.065,1,13.29,17.580000000000002,1981-06-01
152,1981-06-02,Arghakhanchi,27.9,83.2,0.23,92.57,11.41,40.55,29.65,14.65,36.75,23.12,13.64,31.06,2.9,4.97,1.23,3.73,3.74,5.42,1.73,3.69,1981,6,3.3200000000000003,1,13.63,19.99,1981-06-01
153,1981-06-03,Arghakhanchi,27.9,83.2,0.09,92.3,7.91,25.81,31.13,8.75,40.08,23.25,16.83,31.57,3.9,7.79,1.22,6.57,5.38,9.34,1.29,8.05,1981,6,4.64,1,16.83,28.92,1981-06-01
154,1981-06-04,Arghakhanchi,27.9,83.2,0.33,92.16,6.09,19.48,31.48,5.12,40.51,22.82,17.69,31.65,4.03,7.17,2.3,4.86,5.57,8.24,2.97,5.27,1981,6,4.800000000000001,1,17.689999999999998,30.28,1981-06-01
155,1981-06-05,Arghakhanchi,27.9,83.2,0.22,92.23,5.08,17.04,30.66,2.57,39.54,21.69,17.85,30.67,4.78,9.82,1.83,8.0,6.55,11.54,2.33,9.22,1981,6,5.665,1,17.849999999999998,36.849999999999994,1981-06-01
156,1981-06-06,Arghakhanchi,27.9,83.2,0.02,92.28,4.91,15.81,31.4,2.15,39.53,23.09,16.44,31.13,2.79,5.32,0.72,4.6,3.46,5.8,1.04,4.76,1981,6,3.125,1,16.44,19.13,1981-06-01
157,1981-06-07,Arghakhanchi,27.9,83.2,0.0,92.26,5.54,18.22,31.01,3.81,39.98,22.16,17.82,31.95,3.08,4.68,1.84,2.84,4.17,5.97,2.01,3.96,1981,6,3.625,1,17.819999999999997,21.75,1981-06-01
158,1981-06-08,Arghakhanchi,27.9,83.2,0.21,92.48,9.7,33.14,30.34,12.06,38.31,22.51,15.8,32.1,3.2,4.81,1.68,3.13,4.17,5.96,2.7,3.25,1981,6,3.685,1,15.8,22.52,1981-06-01
159,1981-06-09,Arghakhanchi,27.9,83.2,4.43,92.46,11.06,36.65,30.85,14.17,38.38,23.85,14.54,32.02,2.88,5.4,0.17,5.22,3.81,6.12,0.33,5.8,1981,6,3.345,1,14.53,18.71,1981-06-01
160,1981-06-10,Arghakhanchi,27.9,83.2,2.15,92.47,10.15,33.32,31.03,12.71,38.38,24.4,13.98,31.86,2.48,4.72,0.58,4.14,3.18,5.37,0.78,4.58,1981,6,2.83,1,13.980000000000004,17.11,1981-06-01
161,1981-06-11,Arghakhanchi,27.9,83.2,0.14,92.44,8.43,27.53,31.12,9.48,39.18,23.94,15.25,32.23,2.99,4.52,1.58,2.93,4.05,5.17,1.94,3.23,1981,6,3.52,1,15.239999999999998,20.250000000000004,1981-06-01
162,1981-06-12,Arghakhanchi,27.9,83.2,6.32,92.21,6.72,22.01,31.05,5.91,41.24,21.63,19.61,30.87,3.69,7.38,0.75,6.63,5.41,8.69,0.8,7.9,1981,6,4.55,1,19.610000000000003,26.72,1981-06-01
163,1981-06-13,Arghakhanchi,27.9,83.2,1.6,92.03,5.76,18.77,31.12,4.19,39.68,23.34,16.34,31.0,3.13,4.78,1.49,3.29,4.38,5.88,1.91,3.97,1981,6,3.755,1,16.34,21.57,1981-06-01
164,1981-06-14,Arghakhanchi,27.9,83.2,0.0,92.02,5.74,17.58,32.2,4.24,40.68,23.6,17.08,32.1,2.67,4.28,0.23,4.05,3.23,4.46,0.36,4.11,1981,6,2.95,1,17.08,15.23,1981-06-01
165,1981-06-15,Arghakhanchi,27.9,83.2,0.2,92.24,8.85,27.88,31.72,10.37,39.48,24.39,15.1,32.6,3.3,4.69,2.15,2.54,4.37,5.1,3.32,1.78,1981,6,3.835,1,15.089999999999996,22.93,1981-06-01
166,1981-06-16,Arghakhanchi,27.9,83.2,0.9,92.3,12.4,39.27,31.6,15.79,38.16,25.31,12.85,33.1,2.76,3.98,1.62,2.36,3.59,4.24,3.04,1.2,1981,6,3.175,1,12.849999999999998,19.229999999999997,1981-06-01
167,1981-06-17,Arghakhanchi,27.9,83.2,2.92,92.32,15.13,51.22,30.41,18.98,36.86,24.87,12.0,32.42,3.47,5.01,2.09,2.92,4.32,5.02,3.39,1.63,1981,6,3.895000000000001,1,11.989999999999998,23.3,1981-06-01
168,1981-06-18,Arghakhanchi,27.9,83.2,1.14,92.44,16.19,57.28,29.65,20.19,34.15,24.96,9.19,31.33,2.78,4.39,1.04,3.35,3.44,4.79,1.82,2.97,1981,6,3.11,1,9.189999999999998,18.26,1981-06-01
169,1981-06-19,Arghakhanchi,27.9,83.2,0.23,92.35,14.76,46.36,31.74,18.76,37.91,25.59,12.33,33.99,2.47,4.03,1.31,2.72,3.11,3.95,2.27,1.68,1981,6,2.79,1,12.319999999999997,17.14,1981-06-01
170,1981-06-20,Arghakhanchi,27.9,83.2,2.47,92.04,13.5,39.28,33.05,17.25,39.21,26.87,12.34,34.8,2.6,4.15,1.09,3.06,3.36,5.21,1.84,3.36,1981,6,2.98,1,12.34,18.25,1981-06-01
171,1981-06-21,Arghakhanchi,27.9,83.2,0.27,92.21,16.46,60.15,29.04,20.43,31.68,26.3,5.38,30.26,3.4,4.4,1.78,2.62,4.18,4.82,2.95,1.88,1981,6,3.79,1,5.379999999999999,21.53,1981-06-01
172,1981-06-22,Arghakhanchi,27.9,83.2,1.99,92.26,15.28,52.9,30.0,19.28,35.0,25.65,9.35,31.68,3.29,4.54,1.64,2.91,4.29,4.87,3.3,1.57,1981,6,3.79,1,9.35,21.930000000000003,1981-06-01
173,1981-06-23,Arghakhanchi,27.9,83.2,7.09,92.39,16.37,59.81,29.08,20.4,34.25,25.2,9.05,30.17,4.97,7.19,1.52,5.67,6.63,8.33,3.06,5.27,1981,6,5.8,1,9.05,31.7,1981-06-01
174,1981-06-24,Arghakhanchi,27.9,83.2,3.74,92.41,15.83,54.51,30.12,19.88,35.9,25.11,10.79,31.51,4.41,6.2,2.78,3.43,6.01,7.01,4.95,2.06,1981,6,5.21,1,10.79,31.359999999999996,1981-06-01
175,1981-06-25,Arghakhanchi,27.9,83.2,2.08,92.53,16.2,55.31,30.29,20.26,35.35,25.98,9.37,32.05,4.24,6.58,2.18,4.4,5.51,7.12,4.22,2.91,1981,6,4.875,1,9.37,29.85,1981-06-01
176,1981-06-26,Arghakhanchi,27.9,83.2,8.75,92.49,17.77,64.83,29.11,21.75,33.27,25.57,7.7,30.35,3.13,4.66,1.57,3.09,4.17,5.38,3.02,2.36,1981,6,3.65,1,7.700000000000003,21.93,1981-06-01
177,1981-06-27,Arghakhanchi,27.9,83.2,3.74,92.44,17.46,63.87,29.06,21.47,33.22,25.81,7.41,29.92,2.68,3.88,1.55,2.34,3.57,4.49,2.44,2.05,1981,6,3.125,1,7.41,18.610000000000003,1981-06-01
178,1981-06-28,Arghakhanchi,27.9,83.2,18.64,92.66,18.84,78.97,26.74,22.71,30.85,24.28,6.56,27.61,3.45,4.9,1.24,3.65,4.24,5.19,2.29,2.89,1981,6,3.845,1,6.57,21.31,1981-06-01
179,1981-06-29,Arghakhanchi,27.9,83.2,21.34,92.59,17.67,75.77,26.36,21.59,30.43,23.27,7.16,26.81,1.4,2.24,0.39,1.85,1.93,2.74,0.56,2.18,1981,6,1.665,1,7.16,9.26,1981-06-01
180,1981-06-30,Arghakhanchi,27.9,83.2,18.11,92.27,18.13,74.68,26.98,21.99,31.41,23.08,8.34,27.94,2.21,3.83,0.51,3.32,2.82,3.96,0.74,3.22,1981,6,2.5149999999999997,1,8.330000000000002,14.07,1981-06-01
181,1981-07-01,Arghakhanchi,27.9,83.2,21.32,92.08,18.77,79.03,26.56,22.54,30.03,23.82,6.21,27.5,1.75,3.61,0.32,3.28,2.08,3.91,0.59,3.32,1981,7,1.915,1,6.210000000000001,12.26,1981-07-01
182,1981-07-02,Arghakhanchi,27.9,83.2,22.47,91.99,19.02,79.86,26.59,22.71,30.32,23.2,7.12,27.1,1.66,2.9,0.79,2.11,2.33,3.82,1.34,2.48,1981,7,1.995,1,7.120000000000001,12.84,1981-07-01
183,1981-07-03,Arghakhanchi,27.9,83.2,44.98,92.13,20.12,90.66,25.41,23.69,26.83,24.34,2.48,25.5,2.78,4.96,0.89,4.07,3.7,5.49,1.59,3.9,1981,7,3.24,1,2.4899999999999984,19.41,1981-07-01
184,1981-07-04,Arghakhanchi,27.9,83.2,47.34,92.11,20.1,81.1,27.28,23.63,31.31,23.68,7.63,27.56,2.19,4.15,0.25,3.9,2.97,4.54,0.45,4.09,1981,7,2.58,1,7.629999999999999,14.55,1981-07-01
185,1981-07-05,Arghakhanchi,27.9,83.2,7.54,92.22,20.22,79.64,27.71,23.76,32.46,24.23,8.23,28.34,2.46,4.42,0.17,4.25,3.15,5.53,0.15,5.38,1981,7,2.8049999999999997,1,8.23,15.88,1981-07-01
186,1981-07-06,Arghakhanchi,27.9,83.2,28.17,92.42,17.85,76.51,26.33,21.69,28.66,23.65,5.02,26.11,2.21,2.82,1.54,1.28,3.42,4.97,2.75,2.21,1981,7,2.815,1,5.010000000000002,17.709999999999997,1981-07-01
187,1981-07-07,Arghakhanchi,27.9,83.2,1.88,92.35,19.27,80.1,26.82,22.93,29.9,23.98,5.92,26.9,3.45,6.07,1.82,4.25,4.85,7.25,2.93,4.32,1981,7,4.15,1,5.919999999999998,26.369999999999997,1981-07-01
188,1981-07-08,Arghakhanchi,27.9,83.2,1.86,92.49,19.1,82.9,26.12,22.85,28.88,23.13,5.76,26.14,3.42,4.96,2.23,2.73,5.18,5.94,4.42,1.52,1981,7,4.3,1,5.75,26.15,1981-07-01
189,1981-07-09,Arghakhanchi,27.9,83.2,0.82,92.43,19.1,78.55,27.03,22.81,31.13,23.87,7.26,27.37,3.43,4.99,2.16,2.82,5.02,5.7,3.95,1.75,1981,7,4.225,1,7.259999999999998,25.25,1981-07-01
190,1981-07-10,Arghakhanchi,27.9,83.2,4.52,92.41,19.55,79.85,27.13,23.25,31.16,23.34,7.82,27.66,3.4,5.25,1.22,4.02,4.61,5.84,2.05,3.79,1981,7,4.005,1,7.82,22.37,1981-07-01
191,1981-07-11,Arghakhanchi,27.9,83.2,7.71,92.38,19.71,79.02,27.44,23.34,30.96,24.34,6.62,27.83,1.82,3.15,0.4,2.76,2.28,3.08,0.64,2.44,1981,7,2.05,1,6.620000000000001,11.37,1981-07-01
192,1981-07-12,Arghakhanchi,27.9,83.2,11.53,92.41,19.69,85.16,26.16,23.35,28.6,23.67,4.93,26.27,1.8,2.42,0.75,1.67,2.88,4.19,1.48,2.71,1981,7,2.34,1,4.93,13.52,1981-07-01
193,1981-07-13,Arghakhanchi,27.9,83.2,5.29,92.49,18.42,75.85,27.02,22.28,30.29,23.18,7.1,27.37,1.88,4.63,0.37,4.26,2.53,5.06,0.58,4.47,1981,7,2.205,1,7.109999999999999,15.05,1981-07-01
194,1981-07-14,Arghakhanchi,27.9,83.2,18.14,92.44,18.99,80.73,26.46,22.7,29.2,23.94,5.26,26.45,3.01,6.74,0.4,6.33,4.18,8.25,0.83,7.42,1981,7,3.595,1,5.259999999999998,23.409999999999997,1981-07-01
195,1981-07-15,Arghakhanchi,27.9,83.2,60.0,92.46,19.65,89.49,25.29,23.27,27.54,22.85,4.69,25.39,3.09,5.6,1.54,4.06,4.34,6.34,2.42,3.92,1981,7,3.715,1,4.689999999999998,23.33,1981-07-01
196,1981-07-16,Arghakhanchi,27.9,83.2,21.74,92.46,18.39,79.88,26.11,22.2,29.67,22.67,7.0,26.44,1.64,2.66,0.38,2.28,2.07,3.23,0.72,2.51,1981,7,1.855,1,7.0,10.7,1981-07-01
197,1981-07-17,Arghakhanchi,27.9,83.2,42.71,92.47,19.42,87.28,25.52,23.14,28.84,22.99,5.85,25.76,3.22,5.56,0.51,5.05,4.41,6.61,1.0,5.61,1981,7,3.815,1,5.850000000000001,21.31,1981-07-01
198,1981-07-18,Arghakhanchi,27.9,83.2,63.05,92.34,19.02,87.95,25.02,22.73,28.3,21.66,6.63,25.18,5.06,7.17,3.31,3.86,6.83,8.64,5.19,3.46,1981,7,5.945,1,6.640000000000001,36.2,1981-07-01
199,1981-07-19,Arghakhanchi,27.9,83.2,15.81,92.4,18.73,86.97,24.97,22.54,28.4,22.07,6.34,25.36,3.16,4.62,1.1,3.52,4.13,6.79,1.76,5.03,1981,7,3.645,1,6.329999999999998,21.56,1981-07-01
200,1981-07-20,Arghakhanchi,27.9,83.2,9.09,92.45,19.55,89.88,25.14,23.21,27.76,22.78,4.97,25.09,2.9,4.58,1.43,3.15,4.13,5.46,2.47,2.99,1981,7,3.5149999999999997,1,4.98,20.97,1981-07-01
201,1981-07-21,Arghakhanchi,27.9,83.2,4.81,92.57,19.71,87.17,25.81,23.36,29.19,22.71,6.48,25.97,3.01,4.77,1.47,3.3,4.31,5.56,2.8,2.76,1981,7,3.66,1,6.48,21.92,1981-07-01
202,1981-07-22,Arghakhanchi,27.9,83.2,5.2,92.61,19.91,87.93,25.84,23.53,28.64,23.33,5.31,25.76,2.64,3.88,0.81,3.07,3.84,5.2,1.23,3.97,1981,7,3.24,1,5.310000000000002,17.6,1981-07-01
203,1981-07-23,Arghakhanchi,27.9,83.2,3.66,92.54,19.56,84.13,26.28,23.2,30.58,22.94,7.64,26.23,3.16,5.0,1.12,3.88,4.71,5.94,2.49,3.45,1981,7,3.935,1,7.639999999999997,22.42,1981-07-01
204,1981-07-24,Arghakhanchi,27.9,83.2,5.3,92.68,19.76,87.68,25.77,23.45,29.08,23.05,6.03,25.97,3.42,5.36,1.55,3.81,4.88,6.25,3.07,3.18,1981,7,4.15,1,6.029999999999998,24.53,1981-07-01
205,1981-07-25,Arghakhanchi,27.9,83.2,4.07,92.68,20.16,85.86,26.47,23.78,29.77,23.43,6.34,26.67,2.23,3.73,1.11,2.62,3.04,3.93,2.03,1.9,1981,7,2.635,1,6.34,16.07,1981-07-01
206,1981-07-26,Arghakhanchi,27.9,83.2,14.71,92.65,20.57,91.79,25.66,24.13,27.65,24.03,3.63,25.67,1.72,3.09,0.32,2.77,2.19,3.17,0.54,2.63,1981,7,1.955,1,3.6199999999999974,11.03,1981-07-01
207,1981-07-27,Arghakhanchi,27.9,83.2,18.63,92.62,20.24,90.63,25.6,23.83,28.37,23.46,4.91,25.89,3.14,4.76,1.53,3.23,4.44,5.35,3.22,2.13,1981,7,3.79,1,4.91,22.44,1981-07-01
208,1981-07-28,Arghakhanchi,27.9,83.2,28.73,92.72,18.93,89.23,24.77,22.75,27.31,22.76,4.55,24.87,3.37,5.1,1.52,3.59,4.87,6.07,3.21,2.86,1981,7,4.12,1,4.549999999999997,24.14,1981-07-01
209,1981-07-29,Arghakhanchi,27.9,83.2,29.22,92.67,19.2,85.22,25.77,22.97,29.4,22.23,7.17,26.06,2.04,2.58,1.31,1.28,2.96,4.18,2.31,1.87,1981,7,2.5,1,7.169999999999998,15.38,1981-07-01
210,1981-07-30,Arghakhanchi,27.9,83.2,27.42,92.35,20.0,89.3,25.61,23.57,28.3,23.47,4.83,25.65,2.07,3.56,1.18,2.38,3.0,3.84,1.93,1.91,1981,7,2.535,1,4.830000000000002,15.579999999999998,1981-07-01
211,1981-07-31,Arghakhanchi,27.9,83.2,42.31,92.23,19.79,92.03,24.9,23.39,26.72,23.29,3.43,24.67,2.22,4.12,0.33,3.79,3.38,6.52,0.51,6.01,1981,7,2.8,1,3.4299999999999997,17.080000000000002,1981-07-01
212,1981-08-01,Arghakhanchi,27.9,83.2,11.37,92.36,19.6,89.72,25.19,23.24,28.22,22.38,5.83,25.29,2.89,4.13,1.29,2.84,4.16,6.05,2.49,3.56,1981,8,3.5250000000000004,1,5.84,21.01,1981-08-01
213,1981-08-02,Arghakhanchi,27.9,83.2,2.72,92.6,19.54,93.33,24.53,23.24,26.17,23.12,3.05,24.27,3.08,5.62,1.87,3.75,4.67,6.91,3.56,3.35,1981,8,3.875,1,3.0500000000000007,25.709999999999997,1981-08-01
214,1981-08-03,Arghakhanchi,27.9,83.2,2.48,92.8,18.6,89.82,24.38,22.47,26.71,22.51,4.2,24.19,2.76,3.62,2.21,1.41,4.28,4.88,3.53,1.35,1981,8,3.52,1,4.199999999999999,21.28,1981-08-01
215,1981-08-04,Arghakhanchi,27.9,83.2,4.26,92.59,18.82,90.27,24.46,22.63,26.46,22.63,3.83,24.16,2.87,4.78,1.51,3.27,4.44,5.73,3.0,2.73,1981,8,3.655,1,3.830000000000002,22.33,1981-08-01
216,1981-08-05,Arghakhanchi,27.9,83.2,0.39,92.39,18.33,85.89,24.82,22.15,27.78,22.18,5.6,24.66,2.33,2.7,1.5,1.2,3.7,4.88,2.57,2.3,1981,8,3.015,1,5.600000000000001,17.68,1981-08-01
217,1981-08-06,Arghakhanchi,27.9,83.2,0.14,92.36,20.16,85.85,26.41,23.65,30.0,23.23,6.77,26.28,2.65,3.86,1.5,2.36,3.98,4.72,3.05,1.66,1981,8,3.315,1,6.77,19.76,1981-08-01
218,1981-08-07,Arghakhanchi,27.9,83.2,3.23,92.4,20.21,79.7,27.72,23.68,31.9,23.39,8.51,27.72,2.21,2.83,1.13,1.7,3.33,5.13,1.75,3.38,1981,8,2.77,1,8.509999999999998,16.38,1981-08-01
219,1981-08-08,Arghakhanchi,27.9,83.2,5.6,92.59,20.25,86.36,26.43,23.8,29.67,23.79,5.88,26.42,3.19,4.72,1.92,2.8,4.84,5.67,3.89,1.78,1981,8,4.015,1,5.880000000000003,24.23,1981-08-01
220,1981-08-09,Arghakhanchi,27.9,83.2,0.39,92.53,20.02,86.41,26.21,23.6,29.5,22.93,6.57,26.12,4.21,6.85,2.3,4.54,6.23,8.36,4.43,3.93,1981,8,5.220000000000001,1,6.57,32.379999999999995,1981-08-01
221,1981-08-10,Arghakhanchi,27.9,83.2,0.95,92.51,20.18,88.92,25.85,23.77,28.7,23.34,5.36,26.0,3.04,4.75,0.69,4.07,4.2,5.59,1.06,4.53,1981,8,3.62,1,5.359999999999999,19.33,1981-08-01
222,1981-08-11,Arghakhanchi,27.9,83.2,1.07,92.42,20.22,90.24,25.63,23.82,28.58,23.56,5.01,25.97,3.38,5.18,1.1,4.08,4.63,6.05,1.94,4.11,1981,8,4.005,1,5.02,22.28,1981-08-01
223,1981-08-12,Arghakhanchi,27.9,83.2,1.6,92.16,19.92,93.66,24.71,23.54,26.97,23.29,3.68,24.81,3.66,5.22,2.07,3.15,4.98,5.82,3.82,2.0,1981,8,4.32,1,3.68,25.57,1981-08-01
224,1981-08-13,Arghakhanchi,27.9,83.2,3.41,92.23,18.41,86.14,24.82,22.23,27.4,22.7,4.7,24.48,2.07,2.93,0.4,2.53,3.08,4.24,0.56,3.68,1981,8,2.575,1,4.699999999999999,13.28,1981-08-01
225,1981-08-14,Arghakhanchi,27.9,83.2,6.44,92.38,18.64,82.91,25.69,22.42,28.59,23.08,5.51,25.15,2.58,4.45,1.3,3.15,3.92,5.48,1.89,3.59,1981,8,3.25,1,5.510000000000002,19.62,1981-08-01
226,1981-08-15,Arghakhanchi,27.9,83.2,0.41,92.5,19.67,86.16,25.96,23.34,29.04,23.43,5.61,25.87,4.08,6.78,2.11,4.67,6.19,8.27,4.24,4.03,1981,8,5.135,1,5.609999999999999,31.67,1981-08-01
227,1981-08-16,Arghakhanchi,27.9,83.2,1.83,92.62,18.83,86.58,25.17,22.66,28.48,22.22,6.25,25.22,4.26,6.3,2.08,4.22,6.38,7.56,4.34,3.22,1981,8,5.32,1,6.260000000000002,30.92,1981-08-01
228,1981-08-17,Arghakhanchi,27.9,83.2,4.72,92.55,19.67,86.45,25.91,23.35,29.71,22.44,7.27,26.14,2.63,3.7,1.05,2.65,3.74,5.41,2.04,3.37,1981,8,3.185,1,7.27,18.57,1981-08-01
229,1981-08-18,Arghakhanchi,27.9,83.2,20.35,92.37,20.64,90.89,25.84,24.14,28.93,23.42,5.5,26.1,2.11,4.09,0.82,3.27,2.95,4.69,1.27,3.42,1981,8,2.53,1,5.509999999999998,15.93,1981-08-01
230,1981-08-19,Arghakhanchi,27.9,83.2,25.67,92.28,20.53,93.33,25.29,24.04,27.55,23.53,4.02,25.33,2.22,3.77,0.92,2.84,3.18,4.31,1.77,2.54,1981,8,2.7,1,4.02,16.169999999999998,1981-08-01
231,1981-08-20,Arghakhanchi,27.9,83.2,85.76,92.29,20.82,93.65,25.47,24.27,27.86,23.36,4.5,25.5,2.71,3.82,1.73,2.1,3.89,4.92,2.53,2.39,1981,8,3.3,1,4.5,19.6,1981-08-01
232,1981-08-21,Arghakhanchi,27.9,83.2,21.04,92.32,19.05,83.17,25.99,22.77,29.14,23.43,5.71,26.14,1.34,2.41,0.4,2.01,1.86,3.9,0.2,3.7,1981,8,1.6,1,5.710000000000001,10.11,1981-08-01
233,1981-08-22,Arghakhanchi,27.9,83.2,16.93,92.26,19.32,88.93,25.08,22.94,28.57,22.36,6.21,24.93,3.0,5.04,1.19,3.86,4.44,5.99,2.48,3.52,1981,8,3.72,1,6.210000000000001,22.139999999999997,1981-08-01
234,1981-08-23,Arghakhanchi,27.9,83.2,13.03,92.42,18.47,89.86,24.19,22.29,26.12,22.22,3.9,23.94,1.61,2.76,0.32,2.44,2.61,4.1,0.69,3.42,1981,8,2.11,1,3.900000000000002,12.09,1981-08-01
235,1981-08-24,Arghakhanchi,27.9,83.2,21.06,92.56,18.64,90.97,24.16,22.51,26.74,22.39,4.36,24.23,1.74,3.75,0.4,3.35,2.4,4.21,0.17,4.04,1981,8,2.07,1,4.349999999999998,12.67,1981-08-01
236,1981-08-25,Arghakhanchi,27.9,83.2,33.68,92.53,19.41,92.03,24.64,23.12,27.42,22.19,5.23,24.66,2.39,4.95,0.65,4.3,3.39,5.86,1.14,4.72,1981,8,2.89,1,5.23,18.380000000000003,1981-08-01
237,1981-08-26,Arghakhanchi,27.9,83.2,5.76,92.64,19.61,93.11,24.63,23.35,26.99,22.77,4.21,24.74,2.38,4.17,1.12,3.05,3.4,5.03,1.77,3.25,1981,8,2.8899999999999997,1,4.219999999999999,17.87,1981-08-01
238,1981-08-27,Arghakhanchi,27.9,83.2,11.9,92.64,19.38,91.55,24.72,23.15,27.94,22.17,5.77,24.98,2.18,4.03,0.99,3.04,3.16,4.79,1.36,3.43,1981,8,2.67,1,5.77,16.51,1981-08-01
239,1981-08-28,Arghakhanchi,27.9,83.2,1.17,92.44,19.8,91.4,25.06,23.47,28.38,22.5,5.88,25.25,2.65,5.45,1.13,4.32,3.77,6.54,1.81,4.73,1981,8,3.21,1,5.879999999999999,21.35,1981-08-01
240,1981-08-29,Arghakhanchi,27.9,83.2,0.01,92.44,19.65,90.4,25.12,23.35,28.45,22.25,6.2,25.29,2.8,5.14,1.35,3.79,4.0,5.93,2.54,3.39,1981,8,3.4,1,6.199999999999999,21.76,1981-08-01
241,1981-08-30,Arghakhanchi,27.9,83.2,0.49,92.56,19.59,89.34,25.29,23.33,28.56,22.43,6.13,25.55,2.17,3.69,0.37,3.33,3.04,4.23,0.6,3.63,1981,8,2.605,1,6.129999999999999,14.1,1981-08-01
242,1981-08-31,Arghakhanchi,27.9,83.2,2.12,92.6,19.93,88.34,25.78,23.62,29.35,22.71,6.64,26.05,2.2,3.81,0.97,2.84,2.93,4.08,1.57,2.51,1981,8,2.5650000000000004,1,6.640000000000001,15.56,1981-08-01
243,1981-09-01,Arghakhanchi,27.9,83.2,0.83,92.65,19.36,85.82,25.79,23.14,29.25,23.15,6.1,25.83,1.79,3.75,0.23,3.52,2.25,4.07,0.45,3.62,1981,9,2.02,1,6.100000000000001,12.54,1981-09-01
244,1981-09-02,Arghakhanchi,27.9,83.2,0.6,92.72,19.02,85.22,25.62,22.84,28.79,22.99,5.8,25.52,1.78,3.08,0.37,2.71,2.36,3.8,0.55,3.24,1981,9,2.07,1,5.800000000000001,11.94,1981-09-01
245,1981-09-03,Arghakhanchi,27.9,83.2,0.62,92.8,18.3,86.74,24.7,22.1,27.47,22.72,4.75,24.37,1.85,2.91,0.66,2.25,2.67,4.0,1.2,2.8,1981,9,2.26,1,4.75,13.29,1981-09-01
246,1981-09-04,Arghakhanchi,27.9,83.2,2.18,92.75,17.6,81.4,25.11,21.57,28.54,22.37,6.17,24.83,1.73,3.24,0.27,2.97,2.37,3.34,0.41,2.93,1981,9,2.05,1,6.169999999999998,11.36,1981-09-01
247,1981-09-05,Arghakhanchi,27.9,83.2,0.55,92.83,18.67,87.17,24.95,22.55,28.65,22.02,6.63,24.98,1.91,3.44,0.3,3.14,2.62,3.69,0.52,3.17,1981,9,2.265,1,6.629999999999999,12.48,1981-09-01
248,1981-09-06,Arghakhanchi,27.9,83.2,1.41,92.94,17.87,89.67,23.78,21.83,25.63,22.13,3.5,23.52,2.3,4.35,0.78,3.57,3.64,5.52,1.23,4.29,1981,9,2.97,1,3.5,17.82,1981-09-01
249,1981-09-07,Arghakhanchi,27.9,83.2,11.95,92.9,17.39,86.84,23.85,21.4,26.83,22.0,4.83,23.65,1.95,2.74,1.47,1.27,3.24,3.81,2.52,1.29,1981,9,2.595,1,4.829999999999998,15.73,1981-09-01
250,1981-09-08,Arghakhanchi,27.9,83.2,16.63,92.89,17.76,88.65,23.86,21.72,27.09,21.35,5.75,23.67,2.31,3.56,1.37,2.19,3.78,4.77,2.78,1.99,1981,9,3.045,1,5.739999999999998,18.57,1981-09-01
251,1981-09-09,Arghakhanchi,27.9,83.2,52.21,92.92,17.58,93.64,22.79,21.59,24.45,21.46,2.98,22.42,4.13,5.58,1.81,3.77,6.17,7.48,3.56,3.93,1981,9,5.15,1,2.9899999999999984,28.73,1981-09-01
252,1981-09-10,Arghakhanchi,27.9,83.2,8.42,93.01,16.02,88.22,22.27,20.09,24.15,20.65,3.5,21.47,4.42,5.82,1.06,4.75,6.75,8.99,2.38,6.61,1981,9,5.585,1,3.5,29.42,1981-09-01
253,1981-09-11,Arghakhanchi,27.9,83.2,4.01,93.05,16.4,79.42,24.41,20.41,28.08,21.63,6.45,23.95,1.86,3.22,0.8,2.42,2.62,4.61,0.98,3.63,1981,9,2.24,1,6.449999999999999,14.09,1981-09-01
254,1981-09-12,Arghakhanchi,27.9,83.2,0.02,93.08,17.56,85.9,24.23,21.58,27.97,21.02,6.95,24.18,1.74,3.0,0.66,2.34,2.2,3.28,1.12,2.16,1981,9,1.97,1,6.949999999999999,12.0,1981-09-01
255,1981-09-13,Arghakhanchi,27.9,83.2,0.44,93.14,15.99,78.1,24.28,20.09,28.35,21.02,7.33,23.65,1.9,3.97,0.67,3.3,2.44,4.61,0.91,3.7,1981,9,2.17,1,7.330000000000002,14.5,1981-09-01
256,1981-09-14,Arghakhanchi,27.9,83.2,2.76,93.3,14.92,74.28,24.0,19.0,27.92,20.81,7.11,23.1,1.55,2.96,0.41,2.55,1.91,3.01,0.63,2.38,1981,9,1.73,1,7.110000000000003,10.47,1981-09-01
257,1981-09-15,Arghakhanchi,27.9,83.2,4.02,93.33,16.47,85.51,23.3,20.56,27.08,20.12,6.96,23.2,1.83,2.72,0.97,1.75,2.56,3.47,1.61,1.85,1981,9,2.1950000000000003,1,6.959999999999997,13.16,1981-09-01
258,1981-09-16,Arghakhanchi,27.9,83.2,0.12,93.33,17.29,86.4,23.92,21.39,27.29,20.93,6.36,23.64,2.06,3.91,0.6,3.31,2.8,4.19,0.95,3.24,1981,9,2.4299999999999997,1,6.359999999999999,14.510000000000002,1981-09-01
259,1981-09-17,Arghakhanchi,27.9,83.2,0.01,93.32,16.77,82.84,24.12,20.91,27.87,20.79,7.08,23.84,1.66,3.12,0.49,2.63,2.06,3.27,0.71,2.56,1981,9,1.86,1,7.080000000000002,11.31,1981-09-01
260,1981-09-18,Arghakhanchi,27.9,83.2,0.01,93.31,16.12,82.58,23.52,20.26,27.68,19.7,7.98,23.38,1.48,2.56,0.26,2.3,1.87,3.13,0.37,2.76,1981,9,1.675,1,7.98,9.67,1981-09-01
261,1981-09-19,Arghakhanchi,27.9,83.2,0.27,93.15,15.71,81.46,23.29,19.67,27.59,19.54,8.05,22.73,1.79,3.21,0.47,2.74,2.38,3.9,0.74,3.16,1981,9,2.085,1,8.05,12.49,1981-09-01
262,1981-09-20,Arghakhanchi,27.9,83.2,0.43,93.25,16.36,87.38,22.81,20.44,26.37,19.93,6.44,22.8,2.03,3.33,1.03,2.3,2.88,3.65,1.86,1.8,1981,9,2.455,1,6.440000000000001,14.78,1981-09-01
263,1981-09-21,Arghakhanchi,27.9,83.2,0.1,93.22,16.56,86.61,23.15,20.64,26.76,19.8,6.96,23.27,1.92,2.96,0.66,2.31,2.62,3.79,1.0,2.79,1981,9,2.27,1,6.960000000000001,12.95,1981-09-01
264,1981-09-22,Arghakhanchi,27.9,83.2,0.0,93.07,17.75,86.86,24.22,21.77,28.01,20.9,7.1,24.35,1.6,2.95,0.63,2.32,1.97,3.19,0.97,2.21,1981,9,1.785,1,7.110000000000003,11.31,1981-09-01
265,1981-09-23,Arghakhanchi,27.9,83.2,0.0,92.9,18.26,86.56,24.72,22.21,27.6,22.61,4.98,24.36,1.42,2.58,0.31,2.27,1.75,2.66,0.39,2.28,1981,9,1.585,1,4.990000000000002,9.11,1981-09-01
266,1981-09-24,Arghakhanchi,27.9,83.2,0.0,92.88,18.28,82.19,25.6,22.19,29.07,22.76,6.31,25.03,1.38,2.16,0.65,1.51,1.72,3.73,0.71,3.01,1981,9,1.5499999999999998,1,6.309999999999999,10.35,1981-09-01
267,1981-09-25,Arghakhanchi,27.9,83.2,0.0,93.02,18.43,78.66,26.51,22.25,30.6,22.38,8.22,25.93,2.24,3.44,0.8,2.64,3.3,4.5,1.21,3.29,1981,9,2.77,1,8.220000000000002,15.489999999999998,1981-09-01
268,1981-09-26,Arghakhanchi,27.9,83.2,1.74,93.25,18.02,86.76,24.52,22.01,27.58,22.36,5.22,24.01,2.91,4.17,1.7,2.47,4.77,5.69,3.15,2.54,1981,9,3.84,1,5.219999999999999,22.389999999999997,1981-09-01
269,1981-09-27,Arghakhanchi,27.9,83.2,14.83,93.13,16.44,84.69,23.39,20.55,26.68,21.23,5.45,22.97,3.97,5.69,2.72,2.97,6.26,7.18,5.45,1.74,1981,9,5.115,1,5.449999999999999,31.27,1981-09-01
270,1981-09-28,Arghakhanchi,27.9,83.2,56.25,92.81,16.76,91.25,22.41,20.77,24.29,20.72,3.57,21.91,4.15,6.0,2.67,3.34,6.57,7.83,5.29,2.53,1981,9,5.36,1,3.5700000000000003,32.51,1981-09-01
271,1981-09-29,Arghakhanchi,27.9,83.2,4.58,92.59,16.86,93.21,22.13,20.69,23.31,20.15,3.17,21.66,6.71,9.86,3.87,6.0,9.25,12.52,6.16,6.36,1981,9,7.98,1,3.16,48.370000000000005,1981-09-01
272,1981-09-30,Arghakhanchi,27.9,83.2,0.01,92.97,16.02,86.96,22.5,20.05,27.24,19.67,7.57,22.69,2.45,4.75,0.61,4.14,3.71,6.85,0.22,6.63,1981,9,3.08,1,7.569999999999997,18.589999999999996,1981-09-01
273,1981-10-01,Arghakhanchi,27.9,83.2,0.02,92.87,15.01,81.5,22.49,18.85,26.86,19.3,7.56,21.73,2.34,4.22,1.26,2.96,3.31,4.73,2.13,2.6,1981,10,2.825,0,7.559999999999999,17.99,1981-10-01
274,1981-10-02,Arghakhanchi,27.9,83.2,0.0,92.92,14.3,77.99,22.43,18.14,27.14,19.09,8.05,21.44,2.09,3.41,1.28,2.13,2.9,4.2,1.95,2.25,1981,10,2.495,0,8.05,15.829999999999998,1981-10-01
275,1981-10-03,Arghakhanchi,27.9,83.2,0.0,92.99,13.26,72.69,22.36,16.97,27.06,18.53,8.53,21.1,1.79,3.15,0.55,2.6,2.35,3.36,0.82,2.54,1981,10,2.0700000000000003,0,8.529999999999998,12.02,1981-10-01
276,1981-10-04,Arghakhanchi,27.9,83.2,0.05,93.01,12.12,63.61,23.1,15.63,28.28,18.94,9.34,21.45,1.71,2.84,0.89,1.95,2.23,3.14,0.79,2.35,1981,10,1.97,0,9.34,11.6,1981-10-01
277,1981-10-05,Arghakhanchi,27.9,83.2,0.06,93.05,10.91,60.8,22.14,13.97,27.23,18.36,8.87,20.34,2.03,3.58,0.76,2.82,2.81,4.12,1.25,2.87,1981,10,2.42,0,8.870000000000001,14.55,1981-10-01
278,1981-10-06,Arghakhanchi,27.9,83.2,0.0,92.99,10.92,65.37,20.95,13.88,25.9,17.3,8.6,19.09,2.12,3.93,0.62,3.31,2.95,4.42,1.1,3.32,1981,10,2.535,0,8.599999999999998,15.14,1981-10-01
279,1981-10-07,Arghakhanchi,27.9,83.2,0.0,93.02,10.52,65.19,20.4,13.38,25.77,16.55,9.22,18.52,1.98,3.28,0.42,2.86,2.71,3.96,0.38,3.58,1981,10,2.345,0,9.22,12.730000000000002,1981-10-01
280,1981-10-08,Arghakhanchi,27.9,83.2,0.0,93.23,10.46,65.19,20.34,13.33,25.72,15.65,10.07,18.59,1.91,2.8,1.45,1.35,2.5,3.17,1.32,1.85,1981,10,2.205,0,10.07,13.15,1981-10-01
281,1981-10-09,Arghakhanchi,27.9,83.2,0.0,93.39,11.33,67.63,21.07,14.55,26.41,16.69,9.72,19.63,1.73,2.38,0.81,1.57,2.26,3.13,0.86,2.27,1981,10,1.995,0,9.72,11.169999999999998,1981-10-01
282,1981-10-10,Arghakhanchi,27.9,83.2,0.0,93.22,11.39,66.7,21.34,14.72,26.47,17.5,8.96,19.97,2.08,3.74,0.12,3.62,2.82,4.56,0.28,4.29,1981,10,2.45,0,8.969999999999999,13.6,1981-10-01
283,1981-10-11,Arghakhanchi,27.9,83.2,0.0,93.25,11.46,66.66,21.46,14.82,26.64,16.11,10.53,19.8,1.9,2.9,0.87,2.03,2.49,4.41,1.21,3.21,1981,10,2.1950000000000003,0,10.53,13.78,1981-10-01
284,1981-10-12,Arghakhanchi,27.9,83.2,0.0,93.55,11.81,67.58,21.78,15.28,26.76,17.09,9.66,20.32,1.72,2.42,1.04,1.38,2.29,3.69,1.51,2.18,1981,10,2.005,0,9.670000000000002,12.67,1981-10-01
285,1981-10-13,Arghakhanchi,27.9,83.2,0.0,93.68,12.15,68.1,22.14,15.79,27.4,18.1,9.3,21.0,1.96,2.72,0.89,1.83,2.68,3.63,0.71,2.92,1981,10,2.3200000000000003,0,9.299999999999995,12.59,1981-10-01
286,1981-10-14,Arghakhanchi,27.9,83.2,0.0,93.51,11.87,66.6,22.09,15.4,27.47,18.58,8.89,20.67,2.15,3.47,0.72,2.75,2.96,4.64,1.05,3.6,1981,10,2.5549999999999997,0,8.89,14.990000000000002,1981-10-01
287,1981-10-15,Arghakhanchi,27.9,83.2,0.0,93.42,11.31,63.5,22.08,14.59,27.55,18.34,9.21,20.34,1.84,2.74,0.91,1.82,2.43,2.9,1.47,1.43,1981,10,2.135,0,9.21,12.29,1981-10-01
288,1981-10-16,Arghakhanchi,27.9,83.2,0.0,93.34,10.82,63.97,21.22,13.86,26.16,17.79,8.37,19.33,2.03,3.49,0.74,2.76,2.72,3.74,1.09,2.65,1981,10,2.375,0,8.370000000000001,13.81,1981-10-01
289,1981-10-17,Arghakhanchi,27.9,83.2,0.0,93.24,11.36,68.98,20.76,14.54,25.91,16.05,9.86,19.38,1.68,2.31,0.75,1.56,2.21,3.54,0.66,2.88,1981,10,1.945,0,9.86,11.15,1981-10-01
290,1981-10-18,Arghakhanchi,27.9,83.2,0.0,93.17,10.92,63.95,21.33,14.01,26.82,16.81,10.01,19.59,1.83,2.95,1.15,1.8,2.38,3.39,1.06,2.33,1981,10,2.105,0,10.010000000000002,12.76,1981-10-01
291,1981-10-19,Arghakhanchi,27.9,83.2,0.0,93.32,10.31,59.21,21.69,13.18,26.94,16.75,10.19,19.77,1.72,2.44,0.6,1.84,2.23,3.38,0.86,2.51,1981,10,1.975,0,10.19,11.23,1981-10-01
292,1981-10-20,Arghakhanchi,27.9,83.2,0.0,93.39,10.06,59.1,21.34,12.83,27.39,17.17,10.21,19.68,2.34,4.37,0.97,3.4,3.31,5.4,1.12,4.28,1981,10,2.825,0,10.22,17.51,1981-10-01
293,1981-10-21,Arghakhanchi,27.9,83.2,0.0,93.28,9.31,57.61,20.47,11.62,25.86,16.16,9.7,18.49,1.83,3.02,0.84,2.17,2.38,3.08,0.73,2.35,1981,10,2.105,0,9.7,11.88,1981-10-01
294,1981-10-22,Arghakhanchi,27.9,83.2,0.0,93.39,8.64,53.5,20.49,10.52,26.63,16.19,10.44,18.46,2.1,3.62,0.63,2.99,2.96,4.28,0.69,3.59,1981,10,2.53,0,10.439999999999998,14.28,1981-10-01
295,1981-10-23,Arghakhanchi,27.9,83.2,0.0,93.59,8.43,52.01,20.6,10.17,26.89,15.98,10.91,18.53,1.93,2.75,0.42,2.33,2.73,3.76,0.3,3.46,1981,10,2.33,0,10.91,11.89,1981-10-01
296,1981-10-24,Arghakhanchi,27.9,83.2,0.0,93.75,8.61,52.72,20.75,10.5,27.04,16.85,10.19,18.64,1.97,2.84,0.58,2.26,2.76,3.85,0.52,3.33,1981,10,2.365,0,10.189999999999998,12.519999999999998,1981-10-01
297,1981-10-25,Arghakhanchi,27.9,83.2,0.05,93.81,9.31,57.16,20.69,11.75,25.84,16.9,8.94,19.1,1.74,2.34,0.16,2.18,2.53,3.53,0.25,3.28,1981,10,2.135,0,8.940000000000001,10.55,1981-10-01
298,1981-10-26,Arghakhanchi,27.9,83.2,0.02,93.78,10.65,68.46,19.93,13.87,24.59,16.57,8.02,19.46,1.86,2.81,0.94,1.87,2.72,3.63,1.37,2.26,1981,10,2.29,0,8.02,13.330000000000002,1981-10-01
299,1981-10-27,Arghakhanchi,27.9,83.2,0.0,93.57,9.58,62.62,19.64,12.18,26.15,15.75,10.4,18.4,2.61,5.17,1.16,4.01,3.77,6.37,1.77,4.6,1981,10,3.19,0,10.4,20.85,1981-10-01
300,1981-10-28,Arghakhanchi,27.9,83.2,0.0,93.68,8.04,52.49,19.69,9.56,26.35,15.3,11.05,17.83,2.03,3.14,0.85,2.29,2.68,3.54,0.76,2.78,1981,10,2.355,0,11.05,12.999999999999998,1981-10-01
301,1981-10-29,Arghakhanchi,27.9,83.2,0.0,93.54,7.54,47.36,20.31,8.54,26.57,16.23,10.34,17.86,1.98,3.52,0.77,2.74,2.58,4.09,0.78,3.31,1981,10,2.28,0,10.34,13.72,1981-10-01
302,1981-10-30,Arghakhanchi,27.9,83.2,0.0,93.35,7.2,46.34,19.88,7.75,26.66,14.61,12.05,17.6,2.35,4.43,1.24,3.18,3.5,5.99,1.77,4.22,1981,10,2.925,0,12.05,19.28,1981-10-01
303,1981-10-31,Arghakhanchi,27.9,83.2,11.51,93.31,7.64,49.64,19.71,8.57,26.31,16.18,10.13,17.74,2.41,5.31,1.3,4.01,3.63,7.14,2.01,5.13,1981,10,3.02,0,10.13,21.799999999999997,1981-10-01
304,1981-11-01,Arghakhanchi,27.9,83.2,3.38,93.45,7.48,51.06,18.95,8.16,24.73,15.6,9.14,16.96,1.88,3.69,0.55,3.14,2.82,4.67,0.71,3.96,1981,11,2.3499999999999996,0,9.13,14.32,1981-11-01
305,1981-11-02,Arghakhanchi,27.9,83.2,0.59,93.26,9.37,60.24,19.85,11.59,25.72,16.15,9.57,18.48,2.05,3.93,0.39,3.54,2.85,4.83,0.58,4.26,1981,11,2.45,0,9.57,14.63,1981-11-01
306,1981-11-03,Arghakhanchi,27.9,83.2,17.48,93.24,11.67,70.6,20.81,15.06,24.79,18.14,6.64,19.74,1.48,2.33,0.63,1.69,2.08,4.42,0.64,3.79,1981,11,1.78,0,6.649999999999999,11.580000000000002,1981-11-01
307,1981-11-04,Arghakhanchi,27.9,83.2,15.19,93.21,12.88,83.45,19.69,16.65,24.18,16.2,7.98,19.75,2.04,3.26,0.85,2.4,3.08,4.34,1.32,3.03,1981,11,2.56,0,7.98,14.89,1981-11-01
308,1981-11-05,Arghakhanchi,27.9,83.2,0.01,93.24,10.56,74.01,18.45,13.37,23.96,15.25,8.71,17.47,2.23,4.16,0.84,3.33,3.22,4.77,1.09,3.69,1981,11,2.725,0,8.71,16.310000000000002,1981-11-01
309,1981-11-06,Arghakhanchi,27.9,83.2,0.0,93.5,8.96,64.82,18.01,11.07,23.39,13.71,9.68,16.37,1.71,2.84,0.88,1.96,2.12,3.02,1.24,1.77,1981,11,1.915,0,9.68,11.81,1981-11-01
310,1981-11-07,Arghakhanchi,27.9,83.2,0.0,93.59,8.95,64.68,18.04,11.03,23.7,13.4,10.31,16.53,1.88,2.72,1.11,1.61,2.46,3.22,1.19,2.03,1981,11,2.17,0,10.3,12.58,1981-11-01
311,1981-11-08,Arghakhanchi,27.9,83.2,0.0,93.54,9.28,65.16,18.49,11.62,24.5,14.12,10.37,17.15,2.02,2.57,1.07,1.5,2.79,3.47,1.25,2.22,1981,11,2.405,0,10.38,13.17,1981-11-01
312,1981-11-09,Arghakhanchi,27.9,83.2,0.0,93.48,9.82,66.31,19.1,12.48,25.11,14.33,10.78,17.9,1.96,2.4,1.51,0.89,2.66,3.35,1.99,1.36,1981,11,2.31,0,10.78,13.87,1981-11-01
313,1981-11-10,Arghakhanchi,27.9,83.2,0.0,93.54,9.51,67.16,18.39,11.99,23.36,14.29,9.07,17.13,1.89,2.84,0.32,2.52,2.4,3.55,0.43,3.12,1981,11,2.145,0,9.07,11.43,1981-11-01
314,1981-11-11,Arghakhanchi,27.9,83.2,0.0,93.62,9.09,64.88,18.25,11.25,23.0,14.46,8.54,16.68,1.85,2.82,0.14,2.68,2.38,3.35,0.2,3.15,1981,11,2.115,0,8.54,10.739999999999998,1981-11-01
315,1981-11-12,Arghakhanchi,27.9,83.2,0.01,93.68,8.97,63.49,18.39,11.13,23.74,14.27,9.47,17.03,1.79,2.49,0.7,1.79,2.4,4.09,0.96,3.13,1981,11,2.095,0,9.47,12.43,1981-11-01
316,1981-11-13,Arghakhanchi,27.9,83.2,0.0,93.82,8.83,67.39,17.23,10.97,22.09,13.35,8.75,16.62,1.72,2.9,0.52,2.39,2.63,5.29,0.61,4.68,1981,11,2.175,0,8.74,13.67,1981-11-01
317,1981-11-14,Arghakhanchi,27.9,83.2,0.0,93.8,8.19,63.23,17.03,9.77,23.14,13.7,9.44,15.62,2.8,5.42,1.57,3.85,4.0,6.43,2.35,4.08,1981,11,3.4,0,9.44,22.57,1981-11-01
318,1981-11-15,Arghakhanchi,27.9,83.2,0.0,93.72,7.34,58.15,16.62,8.04,22.67,12.54,10.13,14.49,1.63,3.14,0.28,2.86,2.04,3.11,0.13,2.98,1981,11,1.835,0,10.130000000000004,10.33,1981-11-01
319,1981-11-16,Arghakhanchi,27.9,83.2,0.0,93.72,7.17,55.5,16.99,7.84,23.21,12.37,10.85,14.67,1.78,2.52,0.99,1.53,2.28,2.86,1.45,1.42,1981,11,2.03,0,10.840000000000002,11.88,1981-11-01
320,1981-11-17,Arghakhanchi,27.9,83.2,0.0,93.66,7.07,52.22,17.72,7.54,24.31,13.43,10.88,15.15,1.82,2.63,1.19,1.44,2.35,3.17,1.54,1.63,1981,11,2.085,0,10.88,12.7,1981-11-01
321,1981-11-18,Arghakhanchi,27.9,83.2,0.0,93.6,7.09,52.98,17.52,7.43,24.11,13.59,10.53,15.41,1.95,2.83,0.27,2.56,2.61,3.62,0.28,3.34,1981,11,2.28,0,10.52,11.56,1981-11-01
322,1981-11-19,Arghakhanchi,27.9,83.2,0.0,93.53,6.85,53.64,16.78,6.84,23.03,12.97,10.07,14.58,1.73,2.55,0.89,1.66,2.25,3.42,0.98,2.44,1981,11,1.99,0,10.06,11.82,1981-11-01
323,1981-11-20,Arghakhanchi,27.9,83.2,0.0,93.56,6.57,50.92,16.96,6.4,23.46,12.84,10.62,14.63,1.8,2.42,0.54,1.89,2.45,4.1,0.49,3.62,1981,11,2.125,0,10.62,11.8,1981-11-01
324,1981-11-21,Arghakhanchi,27.9,83.2,0.0,93.53,5.73,44.84,16.81,4.31,23.42,12.86,10.55,14.08,1.81,2.58,0.26,2.32,2.52,4.24,0.48,3.76,1981,11,2.165,0,10.560000000000002,11.89,1981-11-01
325,1981-11-22,Arghakhanchi,27.9,83.2,0.0,93.45,5.08,41.9,15.97,2.65,22.79,12.6,10.18,12.98,1.92,3.32,0.11,3.21,2.6,3.92,0.21,3.71,1981,11,2.26,0,10.19,12.080000000000002,1981-11-01
326,1981-11-23,Arghakhanchi,27.9,83.2,0.0,93.44,5.36,44.37,15.92,3.53,22.85,11.05,11.8,13.19,1.81,3.06,0.98,2.09,2.31,3.22,1.19,2.03,1981,11,2.06,0,11.8,12.57,1981-11-01
327,1981-11-24,Arghakhanchi,27.9,83.2,0.0,93.5,5.53,45.82,15.89,4.0,22.63,11.41,11.22,13.17,1.82,2.39,1.14,1.25,2.36,3.07,1.03,2.03,1981,11,2.09,0,11.22,11.81,1981-11-01
328,1981-11-25,Arghakhanchi,27.9,83.2,0.0,93.41,5.77,49.31,15.39,4.62,21.75,10.9,10.85,12.97,1.87,2.8,1.08,1.71,2.4,3.28,0.82,2.46,1981,11,2.135,0,10.85,12.25,1981-11-01
329,1981-11-26,Arghakhanchi,27.9,83.2,0.0,93.53,5.94,48.04,16.28,5.04,23.37,11.78,11.58,13.85,1.82,2.57,0.56,2.01,2.4,3.51,0.28,3.23,1981,11,2.11,0,11.590000000000002,11.14,1981-11-01
330,1981-11-27,Arghakhanchi,27.9,83.2,0.0,93.78,5.93,47.72,16.4,5.03,23.54,11.38,12.15,14.09,2.01,2.75,1.18,1.57,2.65,3.44,1.6,1.84,1981,11,2.33,0,12.159999999999998,13.63,1981-11-01
331,1981-11-28,Arghakhanchi,27.9,83.2,0.0,93.74,5.52,45.47,16.04,3.93,22.81,11.56,11.25,13.74,1.99,2.51,0.81,1.7,2.67,3.48,0.76,2.73,1981,11,2.33,0,11.249999999999998,12.22,1981-11-01
332,1981-11-29,Arghakhanchi,27.9,83.2,0.0,93.75,5.49,44.53,16.27,3.93,23.19,12.01,11.18,13.88,1.9,2.69,0.15,2.54,2.51,3.51,0.21,3.3,1981,11,2.205,0,11.18,10.97,1981-11-01
333,1981-11-30,Arghakhanchi,27.9,83.2,0.0,93.98,5.49,49.62,14.63,4.07,20.79,10.67,10.12,12.81,1.95,2.39,1.37,1.01,2.71,4.05,1.52,2.53,1981,11,2.33,0,10.12,13.989999999999998,1981-11-01
334,1981-12-01,Arghakhanchi,27.9,83.2,0.0,94.03,5.41,48.1,14.9,3.83,20.91,10.64,10.27,12.46,1.72,2.85,0.45,2.41,2.21,3.85,0.58,3.27,1981,12,1.965,0,10.27,11.66,1981-12-01
335,1981-12-02,Arghakhanchi,27.9,83.2,0.0,94.03,6.05,51.74,15.49,5.36,21.87,10.7,11.16,12.82,2.19,4.42,0.2,4.22,2.97,5.15,0.37,4.79,1981,12,2.58,0,11.170000000000002,15.3,1981-12-01
336,1981-12-03,Arghakhanchi,27.9,83.2,0.0,93.98,6.95,58.13,15.82,7.41,22.12,11.51,10.61,14.1,2.29,3.53,1.54,2.0,3.21,3.91,2.37,1.54,1981,12,2.75,0,10.61,16.85,1981-12-01
337,1981-12-04,Arghakhanchi,27.9,83.2,0.0,93.87,7.23,58.14,16.41,7.86,22.91,12.42,10.49,14.65,2.01,3.35,0.46,2.9,2.79,4.06,0.62,3.43,1981,12,2.4,0,10.49,13.289999999999996,1981-12-01
338,1981-12-05,Arghakhanchi,27.9,83.2,0.0,93.83,5.81,48.81,15.74,4.59,22.43,11.78,10.65,13.28,1.88,2.98,0.34,2.64,2.56,3.51,0.69,2.83,1981,12,2.22,0,10.65,11.96,1981-12-01
339,1981-12-06,Arghakhanchi,27.9,83.2,0.69,93.89,5.83,47.58,16.2,4.73,22.49,12.54,9.95,13.21,1.77,2.98,0.5,2.48,2.29,3.07,0.7,2.37,1981,12,2.03,0,9.95,11.31,1981-12-01
340,1981-12-07,Arghakhanchi,27.9,83.2,0.11,93.87,6.81,66.88,13.31,7.07,17.49,10.51,6.98,11.61,2.3,3.67,0.41,3.27,3.25,6.49,0.62,5.87,1981,12,2.775,0,6.979999999999999,16.74,1981-12-01
341,1981-12-08,Arghakhanchi,27.9,83.2,0.0,93.75,6.3,54.89,15.14,5.78,22.07,10.74,11.33,13.42,2.15,3.15,1.02,2.13,3.13,4.23,1.28,2.95,1981,12,2.6399999999999997,0,11.33,14.96,1981-12-01
342,1981-12-09,Arghakhanchi,27.9,83.2,0.19,93.92,5.55,47.47,15.49,3.98,22.74,10.16,12.58,13.08,2.09,3.3,1.25,2.04,2.83,3.9,1.83,2.07,1981,12,2.46,0,12.579999999999998,15.2,1981-12-01
343,1981-12-10,Arghakhanchi,27.9,83.2,0.06,93.96,4.35,35.37,16.3,0.49,23.28,11.78,11.5,12.55,1.92,3.18,0.62,2.56,2.48,3.6,0.92,2.68,1981,12,2.2,0,11.500000000000002,12.72,1981-12-01
344,1981-12-11,Arghakhanchi,27.9,83.2,0.0,93.88,5.18,45.05,15.21,2.91,22.06,11.33,10.73,12.8,2.07,3.44,0.31,3.13,2.92,3.83,0.34,3.49,1981,12,2.495,0,10.73,12.909999999999998,1981-12-01
345,1981-12-12,Arghakhanchi,27.9,83.2,0.0,93.9,4.6,41.47,14.66,1.42,21.33,10.9,10.43,11.87,1.99,3.72,0.13,3.6,2.68,4.0,0.2,3.79,1981,12,2.335,0,10.429999999999998,12.72,1981-12-01
346,1981-12-13,Arghakhanchi,27.9,83.2,0.0,94.02,4.31,40.74,13.97,0.61,20.74,9.2,11.54,10.83,1.8,3.32,1.0,2.32,2.23,3.35,1.07,2.28,1981,12,2.015,0,11.54,12.77,1981-12-01
347,1981-12-14,Arghakhanchi,27.9,83.2,0.0,93.96,4.28,42.0,13.35,0.45,20.0,9.37,10.64,10.31,1.73,3.12,0.1,3.02,2.22,3.34,0.3,3.04,1981,12,1.975,0,10.63,10.81,1981-12-01
348,1981-12-15,Arghakhanchi,27.9,83.2,0.0,93.88,4.26,42.89,12.97,0.51,19.82,9.01,10.81,10.58,2.09,3.31,0.33,2.98,2.86,3.93,0.29,3.64,1981,12,2.4749999999999996,0,10.81,12.81,1981-12-01
349,1981-12-16,Arghakhanchi,27.9,83.2,0.0,93.86,3.97,40.92,12.6,-0.41,19.12,9.34,9.78,10.16,2.41,4.33,0.8,3.54,3.52,5.22,1.39,3.83,1981,12,2.965,0,9.78,17.67,1981-12-01
350,1981-12-17,Arghakhanchi,27.9,83.2,0.0,93.86,3.86,40.22,12.43,-0.78,19.31,8.61,10.69,10.24,1.89,3.5,0.57,2.92,2.57,4.12,0.42,3.7,1981,12,2.23,0,10.7,13.07,1981-12-01
351,1981-12-18,Arghakhanchi,27.9,83.2,0.01,94.04,3.79,40.3,12.15,-0.97,19.62,8.45,11.18,9.77,2.24,3.51,0.6,2.91,3.11,4.45,0.68,3.77,1981,12,2.675,0,11.170000000000002,14.59,1981-12-01
352,1981-12-19,Arghakhanchi,27.9,83.2,0.0,94.03,3.62,37.15,12.7,-1.63,20.15,8.21,11.94,9.52,2.04,4.03,0.68,3.35,2.67,4.44,0.61,3.83,1981,12,2.355,0,11.939999999999998,14.47,1981-12-01
353,1981-12-20,Arghakhanchi,27.9,83.2,0.2,94.05,4.02,39.24,13.45,-0.32,20.44,8.65,11.79,10.68,1.94,3.32,0.99,2.33,2.63,3.51,0.83,2.68,1981,12,2.285,0,11.79,13.22,1981-12-01
354,1981-12-21,Arghakhanchi,27.9,83.2,0.0,93.99,4.78,45.94,13.69,2.07,20.84,10.04,10.79,11.84,2.53,5.62,1.31,4.3,3.51,6.29,2.12,4.18,1981,12,3.0199999999999996,0,10.8,21.380000000000003,1981-12-01
355,1981-12-22,Arghakhanchi,27.9,83.2,0.0,94.11,4.1,40.47,13.31,0.03,20.47,9.23,11.24,10.45,1.8,2.98,0.95,2.03,2.35,3.19,0.82,2.37,1981,12,2.075,0,11.239999999999998,12.09,1981-12-01
356,1981-12-23,Arghakhanchi,27.9,83.2,0.0,94.02,3.99,39.39,13.3,-0.34,20.21,9.85,10.35,10.21,2.08,4.29,0.61,3.69,2.76,4.53,0.93,3.6,1981,12,2.42,0,10.36,15.2,1981-12-01
357,1981-12-24,Arghakhanchi,27.9,83.2,0.0,93.91,4.09,40.84,13.1,-0.02,20.0,9.67,10.34,10.02,1.78,3.46,0.25,3.21,2.33,4.06,0.37,3.69,1981,12,2.055,0,10.33,12.249999999999998,1981-12-01
358,1981-12-25,Arghakhanchi,27.9,83.2,0.02,93.87,4.12,41.49,12.96,0.08,19.42,8.9,10.52,10.2,1.63,3.3,0.6,2.71,1.98,3.17,0.61,2.56,1981,12,1.805,0,10.52,11.29,1981-12-01
359,1981-12-26,Arghakhanchi,27.9,83.2,0.08,93.91,4.31,44.34,12.65,0.73,19.85,8.55,11.3,10.12,1.94,3.58,0.2,3.38,2.52,3.72,0.26,3.46,1981,12,2.23,0,11.3,12.22,1981-12-01
360,1981-12-27,Arghakhanchi,27.9,83.2,0.0,93.83,4.29,41.62,13.51,0.61,20.72,9.73,10.98,10.33,1.99,4.45,0.38,4.07,2.5,4.92,0.55,4.38,1981,12,2.245,0,10.989999999999998,14.79,1981-12-01
361,1981-12-28,Arghakhanchi,27.9,83.2,0.0,93.67,4.42,41.3,14.07,0.97,20.99,10.58,10.41,10.9,1.79,3.75,0.21,3.54,2.28,4.15,0.23,3.93,1981,12,2.035,0,10.409999999999998,12.41,1981-12-01
362,1981-12-29,Arghakhanchi,27.9,83.2,0.0,93.54,4.75,45.2,13.75,1.91,21.33,9.08,12.25,10.9,2.21,5.28,0.69,4.59,3.03,6.17,0.63,5.54,1981,12,2.62,0,12.249999999999998,18.009999999999998,1981-12-01
363,1981-12-30,Arghakhanchi,27.9,83.2,0.0,93.69,4.52,43.58,13.6,1.31,21.07,9.74,11.33,10.78,2.0,4.05,0.84,3.21,2.56,4.24,0.78,3.46,1981,12,2.28,0,11.33,14.47,1981-12-01
364,1981-12-31,Arghakhanchi,27.9,83.2,0.0,93.82,4.14,40.4,13.43,0.14,20.68,9.25,11.43,10.45,1.96,4.28,0.83,3.45,2.53,4.74,0.77,3.96,1981,12,2.245,0,11.43,15.11,1981-12-01
365,1982-01-01,Arghakhanchi,27.9,83.2,0.0,93.66,4.15,40.01,13.58,0.17,20.9,9.67,11.23,11.19,1.99,4.69,0.43,4.26,2.57,5.12,0.34,4.78,1982,1,2.28,0,11.23,15.14,1982-01-01
366,1982-01-02,Arghakhanchi,27.9,83.2,0.0,93.48,4.17,43.36,12.42,0.19,19.96,6.3,13.66,9.92,1.92,3.53,0.85,2.67,2.34,3.55,1.16,2.39,1982,1,2.13,0,13.66,13.349999999999998,1982-01-01
367,1982-01-03,Arghakhanchi,27.9,83.2,0.0,93.53,4.32,41.0,13.81,0.64,20.69,8.31,12.38,11.02,1.69,2.85,0.45,2.4,2.09,3.24,0.6,2.64,1982,1,1.89,0,12.38,10.92,1982-01-01
368,1982-01-04,Arghakhanchi,27.9,83.2,0.0,93.75,4.61,38.58,15.81,1.65,22.83,10.51,12.32,13.38,1.78,2.88,0.45,2.43,2.28,3.48,0.54,2.94,1982,1,2.03,0,12.32,11.41,1982-01-01
369,1982-01-05,Arghakhanchi,27.9,83.2,0.01,93.75,6.87,58.37,15.53,6.88,21.19,12.26,8.92,13.59,2.39,3.97,0.94,3.03,3.54,4.75,1.41,3.34,1982,1,2.965,0,8.930000000000001,17.0,1982-01-01
370,1982-01-06,Arghakhanchi,27.9,83.2,0.09,93.73,6.17,52.38,15.56,5.61,23.24,11.5,11.74,13.85,2.74,4.17,1.95,2.22,4.23,5.19,2.65,2.54,1982,1,3.4850000000000003,0,11.739999999999998,20.93,1982-01-01
371,1982-01-07,Arghakhanchi,27.9,83.2,0.0,93.86,5.02,45.78,14.47,2.77,21.1,10.82,10.28,12.22,1.93,3.45,0.62,2.82,2.52,3.73,0.88,2.84,1982,1,2.225,0,10.28,13.13,1982-01-01
372,1982-01-08,Arghakhanchi,27.9,83.2,0.0,93.96,5.05,45.83,14.57,2.93,21.66,10.14,11.52,12.18,1.79,3.15,0.19,2.96,2.22,3.2,0.19,3.0,1982,1,2.005,0,11.52,10.74,1982-01-01
373,1982-01-09,Arghakhanchi,27.9,83.2,0.89,93.78,4.99,42.12,15.66,2.73,21.59,12.63,8.96,12.94,1.42,2.5,0.21,2.29,1.72,2.33,0.26,2.07,1982,1,1.5699999999999998,0,8.959999999999999,8.44,1982-01-01
374,1982-01-10,Arghakhanchi,27.9,83.2,0.46,93.59,5.21,45.4,15.14,3.26,21.14,10.99,10.14,13.65,2.08,3.28,1.17,2.11,2.81,3.93,1.69,2.24,1982,1,2.4450000000000003,0,10.15,14.96,1982-01-01
375,1982-01-11,Arghakhanchi,27.9,83.2,0.11,93.58,5.96,52.11,15.07,5.23,22.18,10.07,12.11,14.43,2.21,3.46,1.22,2.24,3.17,4.78,1.12,3.65,1982,1,2.69,0,12.11,15.96,1982-01-01
376,1982-01-12,Arghakhanchi,27.9,83.2,0.05,93.68,5.27,47.43,14.66,3.49,21.92,10.76,11.15,12.81,2.42,4.82,1.03,3.8,3.36,5.44,1.47,3.97,1982,1,2.8899999999999997,0,11.160000000000002,18.54,1982-01-01
377,1982-01-13,Arghakhanchi,27.9,83.2,0.0,93.75,4.64,43.34,14.09,1.7,21.05,10.09,10.96,12.01,2.15,3.97,0.44,3.53,2.95,4.12,0.57,3.54,1982,1,2.55,0,10.96,14.200000000000005,1982-01-01
378,1982-01-14,Arghakhanchi,27.9,83.2,0.01,93.69,4.22,39.5,14.04,0.31,21.03,9.89,11.14,12.22,2.07,4.19,0.5,3.69,2.94,4.74,0.72,4.02,1982,1,2.505,0,11.14,15.16,1982-01-01
379,1982-01-15,Arghakhanchi,27.9,83.2,0.0,93.59,4.17,39.26,13.94,0.1,21.58,9.77,11.81,11.73,2.31,4.55,0.44,4.1,3.17,4.94,0.73,4.21,1982,1,2.74,0,11.81,16.14,1982-01-01
380,1982-01-16,Arghakhanchi,27.9,83.2,0.0,93.64,3.94,37.73,13.71,-0.52,21.22,9.4,11.82,11.09,2.15,4.47,0.51,3.95,2.82,4.8,0.32,4.48,1982,1,2.485,0,11.82,15.07,1982-01-01
381,1982-01-17,Arghakhanchi,27.9,83.2,0.0,93.7,3.62,35.87,13.2,-1.6,20.43,8.9,11.53,10.69,1.97,3.18,0.63,2.55,2.63,3.82,0.5,3.32,1982,1,2.3,0,11.53,12.73,1982-01-01
382,1982-01-18,Arghakhanchi,27.9,83.2,0.0,93.82,3.68,34.13,14.21,-1.4,21.58,9.63,11.96,11.35,1.93,3.13,1.1,2.04,2.45,3.65,1.21,2.44,1982,1,2.19,0,11.949999999999998,13.47,1982-01-01
383,1982-01-19,Arghakhanchi,27.9,83.2,0.0,93.76,3.95,35.87,14.53,-0.46,21.95,10.27,11.68,11.86,1.84,2.74,0.92,1.82,2.39,3.14,1.01,2.13,1982,1,2.115,0,11.68,12.04,1982-01-01
384,1982-01-20,Arghakhanchi,27.9,83.2,1.53,93.67,4.1,38.02,14.18,-0.04,22.0,9.9,12.1,11.61,1.99,3.26,0.29,2.97,2.63,3.86,0.27,3.59,1982,1,2.31,0,12.1,12.3,1982-01-01
385,1982-01-21,Arghakhanchi,27.9,83.2,0.06,93.76,3.81,34.7,14.48,-0.99,22.01,10.02,11.99,11.85,2.02,3.74,0.82,2.93,2.78,4.22,0.54,3.68,1982,1,2.4,0,11.990000000000002,14.119999999999996,1982-01-01
386,1982-01-22,Arghakhanchi,27.9,83.2,0.02,93.67,4.08,35.14,15.33,-0.27,23.1,10.42,12.68,12.87,2.27,4.2,0.19,4.0,2.97,4.6,0.35,4.25,1982,1,2.62,0,12.68,14.58,1982-01-01
387,1982-01-23,Arghakhanchi,27.9,83.2,0.0,93.71,5.04,41.58,16.02,2.76,23.01,11.14,11.86,14.3,2.21,2.84,0.9,1.94,3.03,4.39,1.18,3.21,1982,1,2.62,0,11.87,14.55,1982-01-01
388,1982-01-24,Arghakhanchi,27.9,83.2,0.02,93.94,5.17,40.07,17.03,3.22,24.23,10.89,13.33,15.99,2.49,3.93,0.42,3.5,3.58,6.1,0.61,5.49,1982,1,3.035,0,13.34,17.13,1982-01-01
389,1982-01-25,Arghakhanchi,27.9,83.2,15.72,94.15,6.45,57.77,14.79,6.17,19.12,12.53,6.59,13.54,3.39,7.79,0.58,7.2,4.96,9.44,0.77,8.67,1982,1,4.175,0,6.590000000000002,26.929999999999996,1982-01-01
390,1982-01-26,Arghakhanchi,27.9,83.2,17.02,94.22,7.49,77.32,12.62,8.55,16.49,10.15,6.34,12.11,3.16,6.15,1.28,4.87,4.79,7.55,2.03,5.52,1982,1,3.975,0,6.339999999999998,24.96,1982-01-01
391,1982-01-27,Arghakhanchi,27.9,83.2,14.53,94.15,6.82,75.32,11.57,7.11,16.18,7.89,8.29,10.35,1.78,2.73,0.46,2.27,2.59,4.4,0.62,3.78,1982,1,2.185,0,8.29,12.58,1982-01-01
392,1982-01-28,Arghakhanchi,27.9,83.2,0.04,93.88,4.35,43.43,13.1,0.43,21.34,7.33,14.01,10.93,2.62,3.61,1.43,2.19,3.7,5.03,2.38,2.65,1982,1,3.16,0,14.01,18.77,1982-01-01
393,1982-01-29,Arghakhanchi,27.9,83.2,0.0,93.93,4.1,38.31,14.14,-0.14,22.54,8.37,14.17,12.36,2.74,4.27,1.59,2.68,4.04,5.38,1.97,3.42,1982,1,3.39,0,14.17,19.99,1982-01-01
394,1982-01-30,Arghakhanchi,27.9,83.2,0.27,93.87,4.29,39.19,14.44,0.52,21.4,10.69,10.71,12.41,2.03,3.53,1.03,2.51,2.86,3.9,1.44,2.46,1982,1,2.445,0,10.71,14.79,1982-01-01
395,1982-01-31,Arghakhanchi,27.9,83.2,6.92,93.98,5.49,53.23,13.54,3.99,18.45,10.71,7.74,11.74,1.85,3.37,0.36,3.01,2.62,4.19,0.72,3.47,1982,1,2.2350000000000003,0,7.739999999999998,13.11,1982-01-01
396,1982-02-01,Arghakhanchi,27.9,83.2,2.15,93.85,6.77,68.19,12.93,7.1,18.03,9.54,8.49,12.55,1.74,2.65,1.16,1.49,2.43,3.93,1.38,2.55,1982,2,2.085,0,8.490000000000002,13.29,1982-02-01
397,1982-02-02,Arghakhanchi,27.9,83.2,0.0,93.58,6.48,62.37,13.59,6.3,20.13,9.26,10.86,12.99,2.83,5.52,1.19,4.33,4.05,5.98,1.52,4.46,1982,2,3.44,0,10.87,21.09,1982-02-01
398,1982-02-03,Arghakhanchi,27.9,83.2,0.24,93.64,6.22,63.69,12.64,5.8,18.16,9.85,8.31,11.86,1.43,3.0,0.05,2.95,2.01,3.24,0.22,3.02,1982,2,1.7199999999999998,0,8.31,9.95,1982-02-01
399,1982-02-04,Arghakhanchi,27.9,83.2,0.02,93.58,6.1,59.65,13.34,5.51,20.02,9.35,10.68,12.73,2.4,3.77,0.78,3.0,3.19,4.13,1.07,3.07,1982,2,2.795,0,10.67,15.34,1982-02-01
400,1982-02-05,Arghakhanchi,27.9,83.2,0.01,93.49,4.8,48.49,12.85,2.08,19.88,8.35,11.54,11.8,2.86,5.16,1.19,3.97,4.06,6.1,1.43,4.67,1982,2,3.46,0,11.53,20.799999999999997,1982-02-01
401,1982-02-06,Arghakhanchi,27.9,83.2,0.0,93.31,4.05,42.8,12.13,-0.37,20.45,6.9,13.55,11.03,2.97,5.78,1.21,4.57,4.19,6.61,1.58,5.03,1982,2,3.58,0,13.55,22.340000000000003,1982-02-01
402,1982-02-07,Arghakhanchi,27.9,83.2,0.0,93.36,3.78,39.55,12.28,-1.14,19.26,7.97,11.29,10.69,2.19,4.2,0.47,3.72,3.01,4.41,0.61,3.8,1982,2,2.5999999999999996,0,11.290000000000004,14.89,1982-02-01
403,1982-02-08,Arghakhanchi,27.9,83.2,0.0,93.24,4.15,42.89,12.45,0.13,19.97,7.66,12.31,11.04,3.46,7.39,0.85,6.53,5.09,9.3,0.97,8.33,1982,2,4.275,0,12.31,27.06,1982-02-01
404,1982-02-09,Arghakhanchi,27.9,83.2,0.0,93.33,3.73,38.48,12.49,-1.28,20.41,7.11,13.29,10.99,2.36,4.29,0.35,3.94,3.46,5.03,0.89,4.14,1982,2,2.91,0,13.3,16.380000000000003,1982-02-01
405,1982-02-10,Arghakhanchi,27.9,83.2,0.31,93.59,3.68,36.03,13.36,-1.46,20.19,7.61,12.59,11.53,1.91,3.7,0.56,3.14,2.36,3.36,0.78,2.58,1982,2,2.135,0,12.580000000000002,12.669999999999998,1982-02-01
406,1982-02-11,Arghakhanchi,27.9,83.2,0.19,93.49,5.17,48.67,13.94,3.05,20.64,9.11,11.53,12.74,2.34,4.84,0.93,3.9,3.31,5.56,0.96,4.6,1982,2,2.825,0,11.53,17.94,1982-02-01
407,1982-02-12,Arghakhanchi,27.9,83.2,1.99,93.41,6.42,61.42,13.64,6.18,19.08,9.36,9.72,12.68,2.05,4.21,0.9,3.32,2.92,5.11,1.49,3.62,1982,2,2.485,0,9.72,16.68,1982-02-01
408,1982-02-13,Arghakhanchi,27.9,83.2,0.0,93.48,5.52,48.07,15.13,3.91,23.09,9.48,13.61,14.04,2.62,4.58,0.65,3.93,3.51,4.91,0.68,4.23,1982,2,3.065,0,13.61,16.95,1982-02-01
409,1982-02-14,Arghakhanchi,27.9,83.2,0.0,93.46,4.9,42.45,15.21,2.31,23.18,10.32,12.85,13.89,2.88,5.76,1.23,4.52,4.1,6.48,1.54,4.94,1982,2,3.49,0,12.86,21.99,1982-02-01
410,1982-02-15,Arghakhanchi,27.9,83.2,0.01,93.43,5.2,43.83,15.63,3.14,22.68,11.48,11.19,14.63,1.9,3.72,0.33,3.39,2.45,4.12,0.56,3.57,1982,2,2.175,0,11.2,13.08,1982-02-01
411,1982-02-16,Arghakhanchi,27.9,83.2,8.74,93.54,6.02,54.79,14.45,5.29,19.88,11.0,8.88,13.61,1.9,3.04,0.52,2.52,2.56,3.56,0.71,2.85,1982,2,2.23,0,8.879999999999999,12.29,1982-02-01
412,1982-02-17,Arghakhanchi,27.9,83.2,1.58,93.44,6.41,57.48,14.66,6.17,21.75,9.64,12.11,14.18,2.14,3.97,0.96,3.01,2.85,4.23,1.02,3.21,1982,2,2.495,0,12.11,15.17,1982-02-01
413,1982-02-18,Arghakhanchi,27.9,83.2,0.0,93.35,6.38,51.39,16.32,6.14,23.68,11.43,12.25,15.86,2.97,5.3,1.26,4.05,4.09,5.98,1.56,4.42,1982,2,3.53,0,12.25,21.16,1982-02-01
414,1982-02-19,Arghakhanchi,27.9,83.2,0.0,93.42,5.41,43.98,16.18,3.68,24.23,10.89,13.33,14.92,3.02,6.05,1.15,4.9,4.36,7.08,1.35,5.72,1982,2,3.69,0,13.34,23.010000000000005,1982-02-01
415,1982-02-20,Arghakhanchi,27.9,83.2,0.0,93.61,4.57,36.7,16.43,1.3,24.82,11.7,13.12,14.85,2.65,5.57,0.65,4.92,3.72,6.41,0.6,5.81,1982,2,3.185,0,13.12,19.6,1982-02-01
416,1982-02-21,Arghakhanchi,27.9,83.2,0.05,93.62,5.19,40.87,16.72,3.06,24.28,11.28,13.0,15.5,2.7,4.47,0.64,3.82,3.76,4.86,0.9,3.97,1982,2,3.23,0,13.000000000000002,17.33,1982-02-01
417,1982-02-22,Arghakhanchi,27.9,83.2,0.04,93.53,4.83,37.52,16.93,2.12,24.58,10.81,13.77,16.17,2.75,4.57,0.61,3.96,3.9,5.9,0.65,5.25,1982,2,3.325,0,13.769999999999998,18.38,1982-02-01
418,1982-02-23,Arghakhanchi,27.9,83.2,0.0,93.51,4.68,35.74,17.21,1.76,24.48,12.92,11.56,16.44,2.53,5.71,0.21,5.5,3.56,6.1,0.43,5.67,1982,2,3.045,0,11.56,18.54,1982-02-01
419,1982-02-24,Arghakhanchi,27.9,83.2,0.0,93.46,4.25,38.14,14.65,0.32,20.87,10.48,10.39,13.43,2.44,4.52,0.54,3.98,3.62,5.01,0.64,4.38,1982,2,3.03,0,10.39,16.77,1982-02-01
420,1982-02-25,Arghakhanchi,27.9,83.2,0.0,93.45,4.16,34.56,15.86,-0.05,24.25,10.58,13.67,14.47,2.24,4.88,0.45,4.44,3.02,5.66,0.3,5.36,1982,2,2.63,0,13.67,16.55,1982-02-01
421,1982-02-26,Arghakhanchi,27.9,83.2,0.0,93.49,4.18,33.31,16.53,0.17,24.72,10.06,14.67,15.11,2.53,4.7,0.75,3.94,3.29,4.94,0.5,4.45,1982,2,2.91,0,14.659999999999998,16.71,1982-02-01
422,1982-02-27,Arghakhanchi,27.9,83.2,1.3,93.51,5.05,37.61,17.6,2.69,26.24,11.88,14.35,16.28,2.51,4.71,0.44,4.27,3.54,5.77,0.39,5.38,1982,2,3.025,0,14.359999999999998,17.36,1982-02-01
423,1982-02-28,Arghakhanchi,27.9,83.2,6.17,93.48,7.22,53.7,17.59,7.99,23.38,12.41,10.98,16.76,2.71,5.57,1.32,4.25,3.76,6.33,2.13,4.2,1982,2,3.235,0,10.97,21.82,1982-02-01
424,1982-03-01,Arghakhanchi,27.9,83.2,0.88,93.43,8.34,61.98,17.58,10.08,23.28,13.26,10.02,17.34,2.11,2.85,1.13,1.72,2.95,4.11,2.0,2.11,1982,3,2.53,0,10.02,15.15,1982-03-01
425,1982-03-02,Arghakhanchi,27.9,83.2,3.12,93.67,8.23,74.4,14.55,9.86,18.42,11.56,6.86,14.75,3.3,4.54,1.8,2.74,4.69,6.82,3.38,3.44,1982,3,3.995,0,6.860000000000001,24.53,1982-03-01
426,1982-03-03,Arghakhanchi,27.9,83.2,2.16,93.73,6.6,57.54,15.13,6.54,22.3,10.7,11.59,15.36,2.87,6.03,0.55,5.48,3.93,6.75,0.78,5.97,1982,3,3.4000000000000004,0,11.6,20.910000000000004,1982-03-01
427,1982-03-04,Arghakhanchi,27.9,83.2,2.51,93.44,5.55,50.71,14.36,3.99,21.63,9.42,12.21,13.89,2.88,5.64,0.28,5.36,4.22,6.25,0.39,5.86,1982,3,3.55,0,12.21,19.66,1982-03-01
428,1982-03-05,Arghakhanchi,27.9,83.2,4.95,93.48,7.42,73.09,13.2,8.39,17.64,11.03,6.61,13.67,2.38,5.56,0.3,5.25,3.38,6.1,0.47,5.63,1982,3,2.88,0,6.610000000000001,18.19,1982-03-01
429,1982-03-06,Arghakhanchi,27.9,83.2,0.42,93.27,7.7,67.66,14.93,8.8,21.31,9.65,11.66,15.39,3.32,5.18,2.19,2.99,4.57,5.84,3.52,2.31,1982,3,3.945,0,11.659999999999998,24.62,1982-03-01
430,1982-03-07,Arghakhanchi,27.9,83.2,0.0,93.45,6.22,52.47,15.6,5.2,22.8,9.44,13.37,16.29,2.83,5.64,0.61,5.03,4.02,6.62,0.72,5.9,1982,3,3.425,0,13.36,20.44,1982-03-01
431,1982-03-08,Arghakhanchi,27.9,83.2,0.0,93.48,4.4,35.66,16.27,0.91,24.22,10.85,13.37,15.53,3.01,5.65,1.23,4.42,4.31,6.49,1.62,4.87,1982,3,3.66,0,13.37,22.31,1982-03-01
432,1982-03-09,Arghakhanchi,27.9,83.2,0.06,93.49,4.28,32.03,17.51,0.52,24.91,12.47,12.45,16.59,2.33,4.3,0.47,3.83,2.9,4.47,0.38,4.09,1982,3,2.615,0,12.44,14.85,1982-03-01
433,1982-03-10,Arghakhanchi,27.9,83.2,0.01,93.51,4.69,32.99,18.51,1.75,26.8,12.37,14.44,17.97,2.34,4.29,0.22,4.07,3.15,4.82,0.47,4.35,1982,3,2.745,0,14.43,15.29,1982-03-01
434,1982-03-11,Arghakhanchi,27.9,83.2,0.0,93.6,5.61,38.85,18.76,4.25,26.18,13.24,12.95,18.31,2.7,4.37,0.94,3.43,3.57,4.7,1.11,3.59,1982,3,3.135,0,12.94,17.39,1982-03-01
435,1982-03-12,Arghakhanchi,27.9,83.2,0.0,93.56,5.11,37.66,17.76,2.94,25.91,11.31,14.61,17.73,3.23,5.67,1.0,4.67,4.57,6.53,1.27,5.27,1982,3,3.9,0,14.6,22.27,1982-03-01
436,1982-03-13,Arghakhanchi,27.9,83.2,0.0,93.42,5.1,36.99,17.99,2.75,26.3,11.52,14.78,17.33,2.9,6.47,0.6,5.87,3.95,7.28,0.65,6.62,1982,3,3.425,0,14.78,21.85,1982-03-01
437,1982-03-14,Arghakhanchi,27.9,83.2,0.0,93.44,5.36,36.98,18.8,3.45,27.09,12.47,14.62,18.37,2.0,3.15,1.07,2.08,2.66,4.63,1.1,3.53,1982,3,2.33,0,14.62,14.61,1982-03-01
438,1982-03-15,Arghakhanchi,27.9,83.2,0.0,93.27,5.88,35.92,20.73,5.0,28.29,14.93,13.36,20.11,2.49,5.02,0.69,4.33,3.13,5.45,0.63,4.83,1982,3,2.81,0,13.36,17.409999999999997,1982-03-01
439,1982-03-16,Arghakhanchi,27.9,83.2,0.01,93.07,6.32,36.4,21.65,6.01,28.42,14.88,13.54,20.89,2.23,3.55,0.74,2.82,2.72,3.67,1.09,2.57,1982,3,2.475,0,13.54,14.0,1982-03-01
440,1982-03-17,Arghakhanchi,27.9,83.2,1.04,93.11,6.53,41.52,20.04,6.52,26.47,14.12,12.35,19.98,3.07,4.27,2.15,2.12,4.4,6.09,2.85,3.24,1982,3,3.735,0,12.35,22.83,1982-03-01
441,1982-03-18,Arghakhanchi,27.9,83.2,0.0,93.15,6.75,38.6,21.77,6.95,29.4,16.0,13.4,21.93,2.62,3.84,1.75,2.09,3.62,5.02,2.71,2.31,1982,3,3.12,0,13.4,19.56,1982-03-01
442,1982-03-19,Arghakhanchi,27.9,83.2,0.0,93.22,6.64,38.86,21.4,6.76,29.27,15.72,13.55,21.45,2.8,4.83,1.17,3.66,3.81,5.32,0.98,4.34,1982,3,3.3049999999999997,0,13.55,18.91,1982-03-01
443,1982-03-20,Arghakhanchi,27.9,83.2,0.0,93.27,5.83,32.48,22.22,4.77,30.85,16.15,14.71,21.63,2.68,4.82,0.6,4.22,3.52,4.97,0.97,3.99,1982,3,3.1,0,14.700000000000005,17.56,1982-03-01
444,1982-03-21,Arghakhanchi,27.9,83.2,0.0,93.37,5.79,31.84,22.45,4.74,30.06,16.62,13.44,21.67,2.31,3.87,0.54,3.34,2.84,4.07,0.55,3.52,1982,3,2.575,0,13.439999999999998,14.18,1982-03-01
445,1982-03-22,Arghakhanchi,27.9,83.2,0.02,93.24,6.46,33.34,23.48,6.3,31.84,16.74,15.1,23.02,3.01,5.65,1.4,4.26,4.09,6.53,1.26,5.27,1982,3,3.55,0,15.1,21.94,1982-03-01
446,1982-03-23,Arghakhanchi,27.9,83.2,0.76,93.18,7.03,35.64,23.77,7.54,32.32,16.6,15.72,23.55,3.33,6.67,0.72,5.95,4.51,7.7,0.37,7.34,1982,3,3.92,0,15.72,23.3,1982-03-01
447,1982-03-24,Arghakhanchi,27.9,83.2,19.35,93.31,8.9,49.61,22.19,10.96,28.3,16.64,11.66,21.98,2.05,3.34,0.44,2.9,3.08,6.07,0.35,5.73,1982,3,2.565,0,11.66,15.33,1982-03-01
448,1982-03-25,Arghakhanchi,27.9,83.2,1.01,93.32,8.37,51.04,20.73,10.11,26.62,16.36,10.25,21.34,2.68,4.06,0.48,3.58,4.15,6.33,0.53,5.8,1982,3,3.415,0,10.260000000000002,18.230000000000004,1982-03-01
449,1982-03-26,Arghakhanchi,27.9,83.2,0.0,93.23,5.92,38.14,19.85,4.94,27.49,13.5,13.99,20.24,2.69,4.28,0.17,4.11,3.55,4.86,0.2,4.66,1982,3,3.12,0,13.989999999999998,15.75,1982-03-01
450,1982-03-27,Arghakhanchi,27.9,83.2,0.0,93.33,5.41,32.96,20.77,3.71,28.81,14.57,14.25,20.61,2.89,5.29,0.47,4.82,3.85,5.68,0.81,4.87,1982,3,3.37,0,14.239999999999998,18.99,1982-03-01
451,1982-03-28,Arghakhanchi,27.9,83.2,0.0,93.33,6.23,34.64,22.26,5.74,30.17,15.69,14.48,21.68,2.47,4.78,0.28,4.5,3.09,4.98,0.47,4.5,1982,3,2.78,0,14.480000000000002,16.07,1982-03-01
452,1982-03-29,Arghakhanchi,27.9,83.2,0.0,93.36,7.86,40.54,23.5,9.16,30.82,17.39,13.43,23.41,2.58,4.36,0.57,3.79,3.28,4.26,0.31,3.95,1982,3,2.9299999999999997,0,13.43,15.36,1982-03-01
453,1982-03-30,Arghakhanchi,27.9,83.2,0.0,93.21,8.53,43.38,23.7,10.45,30.73,17.69,13.04,24.03,2.51,4.35,1.45,2.9,3.22,5.11,2.09,3.02,1982,3,2.865,0,13.04,18.73,1982-03-01
454,1982-03-31,Arghakhanchi,27.9,83.2,0.0,92.64,7.99,39.73,23.98,9.36,31.83,17.63,14.2,23.88,3.85,8.52,0.82,7.7,5.33,10.21,1.03,9.18,1982,3,4.59,0,14.2,29.76,1982-03-01
455,1982-04-01,Arghakhanchi,27.9,83.2,0.0,92.29,6.09,29.71,24.25,5.28,33.36,16.31,17.06,23.93,4.36,9.07,0.64,8.43,6.33,10.93,1.07,9.86,1982,4,5.345000000000001,0,17.05,32.4,1982-04-01
456,1982-04-02,Arghakhanchi,27.9,83.2,0.0,92.48,5.21,25.62,24.15,3.11,32.66,17.01,15.64,23.53,5.06,9.49,2.28,7.21,7.18,11.31,3.68,7.64,1982,4,6.119999999999999,0,15.649999999999997,39.0,1982-04-01
457,1982-04-03,Arghakhanchi,27.9,83.2,0.0,92.74,5.88,28.03,24.71,4.91,33.34,17.71,15.63,24.25,3.38,5.16,1.95,3.21,4.89,5.85,2.75,3.1,1982,4,4.135,0,15.630000000000004,23.979999999999997,1982-04-01
458,1982-04-04,Arghakhanchi,27.9,83.2,0.0,92.96,5.79,25.96,25.78,4.62,34.52,18.29,16.23,25.3,3.45,6.44,1.2,5.23,4.9,7.66,1.24,6.43,1982,4,4.175000000000001,0,16.230000000000004,24.889999999999997,1982-04-01
459,1982-04-05,Arghakhanchi,27.9,83.2,0.0,93.09,6.54,28.36,26.36,6.23,34.61,18.92,15.69,25.82,3.21,5.84,1.62,4.22,4.42,6.56,1.99,4.57,1982,4,3.815,0,15.689999999999998,23.64,1982-04-01
460,1982-04-06,Arghakhanchi,27.9,83.2,0.01,93.39,7.07,30.35,26.6,7.62,34.04,20.76,13.28,26.06,2.43,3.32,0.52,2.79,3.22,5.38,0.64,4.75,1982,4,2.825,0,13.279999999999998,15.510000000000002,1982-04-01
461,1982-04-07,Arghakhanchi,27.9,83.2,0.01,93.38,6.81,29.59,26.39,7.12,34.35,19.97,14.38,27.0,3.24,4.75,2.02,2.73,4.72,6.78,2.19,4.59,1982,4,3.98,0,14.380000000000004,23.700000000000003,1982-04-01
462,1982-04-08,Arghakhanchi,27.9,83.2,0.0,93.21,5.86,29.52,23.87,4.84,31.14,18.56,12.57,24.5,3.43,5.37,2.27,3.09,4.78,6.47,2.58,3.88,1982,4,4.105,0,12.580000000000002,24.9,1982-04-01
463,1982-04-09,Arghakhanchi,27.9,83.2,0.0,93.18,6.18,29.33,24.87,5.69,32.82,18.56,14.26,24.73,2.47,4.71,0.57,4.14,2.97,4.59,0.93,3.66,1982,4,2.72,0,14.260000000000002,16.240000000000002,1982-04-01
464,1982-04-10,Arghakhanchi,27.9,83.2,0.0,93.31,6.32,28.92,25.5,6.04,33.13,18.15,14.97,25.47,2.63,3.87,1.1,2.76,3.19,3.93,1.59,2.34,1982,4,2.91,0,14.980000000000004,16.31,1982-04-01
465,1982-04-11,Arghakhanchi,27.9,83.2,0.0,93.22,6.1,27.7,25.63,5.52,33.66,18.5,15.16,25.95,2.76,4.34,1.39,2.95,3.46,4.55,1.4,3.15,1982,4,3.11,0,15.159999999999997,17.9,1982-04-01
466,1982-04-12,Arghakhanchi,27.9,83.2,0.0,93.16,5.48,26.05,24.85,3.94,33.26,17.46,15.8,25.41,3.27,5.46,1.98,3.48,4.47,6.31,2.01,4.3,1982,4,3.87,0,15.799999999999995,23.5,1982-04-01
467,1982-04-13,Arghakhanchi,27.9,83.2,0.0,92.98,6.12,27.67,25.65,5.41,33.33,17.97,15.36,26.1,2.77,4.05,1.27,2.78,3.52,5.14,1.9,3.25,1982,4,3.145,0,15.36,18.65,1982-04-01
468,1982-04-14,Arghakhanchi,27.9,83.2,0.0,93.01,6.69,29.02,26.35,6.85,33.06,19.6,13.46,26.45,2.5,3.75,1.16,2.59,3.05,4.16,1.7,2.47,1982,4,2.775,0,13.46,16.32,1982-04-01
469,1982-04-15,Arghakhanchi,27.9,83.2,0.0,92.82,6.15,26.05,26.73,5.56,34.93,18.91,16.02,26.81,3.57,6.79,0.31,6.48,4.79,7.97,0.67,7.31,1982,4,4.18,0,16.02,24.1,1982-04-01
470,1982-04-16,Arghakhanchi,27.9,83.2,0.1,92.88,6.69,28.04,26.91,6.8,34.1,19.44,14.66,27.55,2.37,3.35,0.37,2.98,3.26,6.07,0.54,5.54,1982,4,2.815,0,14.66,15.96,1982-04-01
471,1982-04-17,Arghakhanchi,27.9,83.2,0.39,92.78,7.28,30.32,26.98,7.96,34.97,19.47,15.5,27.82,3.03,4.79,1.87,2.92,4.1,5.56,1.8,3.75,1982,4,3.5649999999999995,0,15.5,21.15,1982-04-01
472,1982-04-18,Arghakhanchi,27.9,83.2,15.56,92.87,9.55,45.03,24.88,11.88,31.04,18.85,12.18,25.02,2.31,3.58,0.44,3.14,3.08,4.55,0.65,3.9,1982,4,2.6950000000000003,0,12.189999999999998,14.61,1982-04-01
473,1982-04-19,Arghakhanchi,27.9,83.2,5.07,93.0,8.78,47.06,22.79,10.65,28.25,17.25,11.0,23.01,2.13,4.08,0.7,3.38,2.59,4.19,0.97,3.22,1982,4,2.36,0,11.0,14.660000000000002,1982-04-01
474,1982-04-20,Arghakhanchi,27.9,83.2,3.66,92.98,8.76,44.66,23.61,10.75,30.28,17.0,13.28,24.49,2.85,4.98,1.03,3.96,3.73,5.62,1.23,4.39,1982,4,3.29,0,13.28,19.44,1982-04-01
475,1982-04-21,Arghakhanchi,27.9,83.2,0.19,93.08,7.6,34.91,25.38,8.69,32.8,18.93,13.87,25.76,4.85,8.03,2.23,5.8,6.76,9.65,3.46,6.19,1982,4,5.805,0,13.869999999999996,34.98,1982-04-01
476,1982-04-22,Arghakhanchi,27.9,83.2,0.01,92.88,7.01,30.71,26.16,7.54,34.2,18.98,15.22,26.6,4.74,7.97,2.23,5.74,6.77,9.48,3.18,6.3,1982,4,5.755,0,15.220000000000002,34.370000000000005,1982-04-01
477,1982-04-23,Arghakhanchi,27.9,83.2,0.03,92.81,6.95,29.35,26.77,7.27,34.78,19.6,15.18,27.18,3.94,7.19,2.04,5.15,5.66,8.57,2.77,5.8,1982,4,4.8,0,15.18,30.17,1982-04-01
478,1982-04-24,Arghakhanchi,27.9,83.2,0.01,92.74,7.95,32.07,27.51,9.23,35.56,19.84,15.71,28.28,3.98,7.29,2.24,5.05,5.51,8.41,3.17,5.24,1982,4,4.745,0,15.720000000000002,30.6,1982-04-01
479,1982-04-25,Arghakhanchi,27.9,83.2,0.21,92.68,8.23,32.64,27.8,9.75,35.69,20.73,14.96,28.67,3.84,7.32,0.99,6.33,5.23,8.6,1.62,6.99,1982,4,4.535,0,14.959999999999996,27.600000000000005,1982-04-01
480,1982-04-26,Arghakhanchi,27.9,83.2,4.8,92.81,7.97,33.43,26.88,9.27,33.29,20.53,12.76,27.61,2.58,3.27,1.2,2.08,3.55,5.46,1.74,3.72,1982,4,3.065,0,12.759999999999998,17.799999999999997,1982-04-01
481,1982-04-27,Arghakhanchi,27.9,83.2,2.24,92.94,8.59,38.86,25.61,10.45,32.94,18.6,14.34,26.54,3.27,5.89,0.52,5.38,4.53,6.56,0.25,6.31,1982,4,3.9,0,14.339999999999996,21.02,1982-04-01
482,1982-04-28,Arghakhanchi,27.9,83.2,0.5,92.94,8.22,34.69,26.79,9.76,34.74,19.45,15.29,27.63,4.07,7.54,2.33,5.22,5.67,8.97,2.9,6.08,1982,4,4.87,0,15.290000000000004,31.479999999999997,1982-04-01
483,1982-04-29,Arghakhanchi,27.9,83.2,0.01,92.94,6.96,31.3,25.73,7.15,32.69,19.84,12.85,26.48,5.34,8.97,2.81,6.16,7.41,10.42,4.96,5.46,1982,4,6.375,0,12.849999999999998,39.91,1982-04-01
484,1982-04-30,Arghakhanchi,27.9,83.2,0.0,92.86,7.3,32.41,25.93,8.03,33.86,19.16,14.7,26.45,4.2,8.15,1.36,6.79,5.76,9.39,1.72,7.67,1982,4,4.98,0,14.7,30.58,1982-04-01
485,1982-05-01,Arghakhanchi,27.9,83.2,0.0,92.98,7.77,31.06,27.74,9.02,35.66,21.07,14.59,28.3,2.73,5.21,0.45,4.76,3.5,5.57,0.4,5.17,1982,5,3.115,0,14.589999999999996,17.86,1982-05-01
486,1982-05-02,Arghakhanchi,27.9,83.2,0.0,92.98,7.65,29.14,28.55,8.8,36.26,20.76,15.5,29.53,3.11,4.64,1.87,2.77,4.15,5.46,2.38,3.08,1982,5,3.63,0,15.499999999999996,21.61,1982-05-01
487,1982-05-03,Arghakhanchi,27.9,83.2,0.01,92.77,6.85,25.69,28.8,7.05,36.97,21.65,15.31,29.59,4.52,8.72,1.77,6.95,6.22,10.7,2.19,8.5,1982,5,5.369999999999999,0,15.32,34.12,1982-05-01
488,1982-05-04,Arghakhanchi,27.9,83.2,0.03,92.58,7.4,28.51,28.28,8.21,36.24,20.78,15.46,29.03,5.48,9.0,2.4,6.6,7.47,10.83,4.08,6.74,1982,5,6.475,0,15.46,39.26,1982-05-01
489,1982-05-05,Arghakhanchi,27.9,83.2,0.0,92.75,8.62,31.77,29.08,10.53,37.08,21.5,15.58,30.46,3.88,6.95,1.98,4.96,5.44,8.1,2.43,5.67,1982,5,4.66,0,15.579999999999998,28.78,1982-05-01
490,1982-05-06,Arghakhanchi,27.9,83.2,0.0,92.88,8.44,30.24,29.6,10.2,37.45,22.99,14.46,30.79,4.58,8.23,2.53,5.71,6.5,9.4,3.94,5.46,1982,5,5.54,0,14.460000000000004,35.18,1982-05-01
491,1982-05-07,Arghakhanchi,27.9,83.2,0.0,92.94,6.87,24.84,29.45,7.17,37.77,21.39,16.38,30.35,4.74,8.59,2.64,5.95,6.62,9.82,3.56,6.26,1982,5,5.68,0,16.380000000000003,35.97,1982-05-01
492,1982-05-08,Arghakhanchi,27.9,83.2,0.0,92.93,7.28,25.58,29.95,8.02,37.88,22.43,15.45,31.03,4.54,7.98,2.61,5.37,6.3,9.03,3.78,5.25,1982,5,5.42,0,15.450000000000005,34.24,1982-05-01
493,1982-05-09,Arghakhanchi,27.9,83.2,0.0,93.0,8.12,27.89,30.36,9.65,37.88,23.15,14.73,31.47,3.67,6.26,1.16,5.11,4.77,6.8,1.28,5.52,1982,5,4.22,0,14.730000000000004,23.94,1982-05-01
494,1982-05-10,Arghakhanchi,27.9,83.2,0.12,93.0,8.48,32.04,28.69,10.32,34.54,23.43,11.11,30.3,2.11,3.34,0.26,3.08,3.12,6.0,0.23,5.78,1982,5,2.615,0,11.11,15.06,1982-05-01
495,1982-05-11,Arghakhanchi,27.9,83.2,1.8,92.84,9.03,35.18,28.13,11.18,35.58,22.03,13.56,29.7,3.58,8.62,0.66,7.96,4.62,10.27,0.65,9.62,1982,5,4.1,0,13.549999999999995,28.4,1982-05-01
496,1982-05-12,Arghakhanchi,27.9,83.2,0.17,92.91,8.93,33.59,28.74,11.01,35.54,22.1,13.44,29.66,2.6,4.89,1.19,3.7,3.34,5.2,1.44,3.76,1982,5,2.97,0,13.439999999999998,18.66,1982-05-01
497,1982-05-13,Arghakhanchi,27.9,83.2,9.85,93.03,10.05,42.18,26.89,12.65,31.72,22.53,9.19,27.33,2.8,4.42,1.57,2.85,3.79,4.69,2.48,2.21,1982,5,3.295,0,9.189999999999998,19.75,1982-05-01
498,1982-05-14,Arghakhanchi,27.9,83.2,1.23,93.06,11.73,51.13,26.23,15.17,32.35,21.49,10.87,27.62,2.72,5.26,1.07,4.19,3.61,6.94,1.94,4.99,1982,5,3.165,0,10.860000000000005,21.540000000000003,1982-05-01
499,1982-05-15,Arghakhanchi,27.9,83.2,0.36,93.24,9.02,42.64,24.91,10.98,31.35,20.63,10.72,25.91,2.82,5.2,0.69,4.51,3.68,6.09,0.8,5.28,1982,5,3.25,0,10.720000000000002,19.28,1982-05-01
